"id","cos_sim_1yr","cos_sim_2yr"
"930036",0.242535625036333,0.222717701593687
"930085",0.171498585142509,0.125988157669742
"930144",0.249567099242311,0.213896315973249
"930278",0,0
"931221",0.0648203723552164,0.0952380952380952
"932031",0.121267812518166,0.17817416127495
"932117",0.0700140042014005,0.102868899974728
"932520",0.140028008402801,0.102868899974728
"932853",0.132842232831014,0.0975900072948533
"932984",0.230089496654211,0.169030850945703
"933007",0,0
"933119",0.0857492925712544,0.125988157669742
"934380",0.0648203723552164,0.0952380952380952
"934443",0.0951302988308988,0.0698856557814612
"934872",0.0916698497028211,0.101015254455221
"935677",0.460178993308422,0.338061701891407
"937715",0.324101861776082,0.380952380952381
"937748",0.108465228909328,0.119522860933439
"938028",0.245049014704902,0.308606699924184
"938068",0.206835075998008,0.227921152919276
"938207",0,0
"938400",0.457329560380024,0.54594868323555
"938508",0.23606684260939,0.317940322158844
"938877",0.303169531295416,0.267261241912424
"939405",0.206835075998008,0.227921152919276
"939465",0.259281489420866,0.238095238095238
"940567",0.242535625036333,0.17817416127495
"942280",0,0
"942874",0.0475651494154494,0.0698856557814612
"926596",0.226339365106296,0.246229044824062
"928376",0.145180175548748,0.175486614172237
"928546",0.198353881472186,0.259740389351136
"930280",0,0.044676705160877
"932882",0.0679018095318889,0.0820763482746874
"933037",0.145180175548748,0.146238845143531
"933078",0.192055319899344,0.232146969760241
"936034",0.111759751245423,0.118203451253437
"939097",0.273754364331662,0.227494253962536
"939451",0.145180175548748,0.116991076114825
"939458",0.2587274448341,0.245721878384824
"941882",0.147844254190915,0.134030115482631
"941951",0.124214018808907,0.150143761096242
"941960",0.115813715472327,0.163321538314815
"942059",0.2587274448341,0.245721878384824
"942198",0,0
"942291",0.171096477707289,0.165450366518208
"942420",0.064018439966448,0.116073484880121
"942960",0.198353881472186,0.199800299500873
"943273",0.364399348580512,0.391527027385917
"943494",0.178306879476797,0.175116934776684
"943732",0.198353881472186,0.159840239600699
"943951",0.193573567398331,0.233982152229649
"945943",0.0858897501470802,0.0692128540205983
"946162",0.0572598334313868,0.103819281030897
"946208",0.256073759865792,0.193455808133534
"946617",0,0.0893534103217541
"950874",0.316875111148815,0.300946610340521
"950878",0.167639626868134,0.135089658575356
"951897",0.205615723406116,0.213032669733491
"929198",0.200764694003771,0.195924895565505
"929914",0.159111456835146,0.160128153805087
"938954",0.254420074332284,0.227596247332973
"939462",0.229657606087313,0.231125081760512
"942025",0.276408116115666,0.299572344757639
"942350",0.0503154605426628,0.0843949472569722
"942937",0.168763185138904,0.13209898731687
"943672",0.178631695676948,0.163430112615153
"943679",0.177892016741205,0.143222974807887
"943806",0.45003516037041,0.440329957722898
"944568",0.255145953337537,0.313837694508003
"944706",0.278445049461506,0.306912294793084
"944924",0.176518312656275,0.177646236673731
"945121",0.140635987615753,0.0943564195120496
"945905",0.225686281749115,0.174714139453653
"946788",0.106074304556764,0.0711680683578165
"948959",0.292306411107734,0.283278861866266
"950974",0,0
"951867",0.079555728417573,0.066720064085453
"952337",0.298554887913506,0.26194175932858
"952370",0.135065688218838,0.14240153351978
"952373",0.225686281749115,0.198009358047473
"952858",0.206691845478581,0.200308404192444
"954263",0.402523684341302,0.421974736284861
"955120",0.201710587080415,0.16239958858823
"955125",0.271381412621103,0.307254933899513
"956191",0.129913960492326,0.108953408410102
"956856",0.187514650154337,0.188712839024099
"957999",0.347311769705583,0.32363984890859
"958890",0.079555728417573,0.106752102536725
"958956",0.34019460445005,0.313837694508003
"959196",0.360830867594558,0.383310770690242
"959216",0.233883790559409,0.213980246255456
"959272",0.0937573250771687,0.0754851356096397
"959942",0.168763185138904,0.13209898731687
"960116",0.318222913670292,0.266880256341812
"960171",0.369741613507992,0.358322566591047
"960216",0.451906416509769,0.441012389650519
"960443",0.252623366696044,0.246533420544546
"961274",0.0562543950463012,0.0754851356096397
"978268",0.15001172012347,0.201293694959039
"605976",0.394610898933592,0.35076814640132
"606544",0.0661782596008358,0.0672292645452814
"928006",0.348790053207578,0.372045802416914
"939336",0.154559115677094,0.196267167994715
"939413",0.110297099334726,0.123253651666349
"942006",0.103039410451396,0.104675822930515
"942955",0.049326362366699,0.125274338000471
"943397",0.463247817205851,0.448195096968543
"943500",0.22782870872447,0.216981518301373
"943928",0.15983568204714,0.173972250159805
"946345",0.181236627999053,0.245486564772886
"950186",0.189120129435405,0.274462323197539
"952493",0.160331297754587,0.208121361089196
"957923",0.096875052558094,0.0656090441740164
"957984",0,0
"960403",0.271294993016845,0.275603543601037
"960494",0.0906183139995265,0.138086192684748
"960509",0,0.0501097352001886
"960554",0.343872323955392,0.349333505843749
"961275",0.362473255998106,0.383572757457635
"961285",0.114168344319386,0.0927852000852295
"961686",0.459291742914554,0.425416600956186
"975240",0,0.0433963036602746
"976418",0.246631811833495,0.26307610980099
"976803",0.114624107985131,0.135851918939236
"980491",0.118478090095504,0.0962877526232158
"981379",0.341743063086704,0.332704994728772
"988809",0.110297099334726,0.123253651666349
"989132",0.343872323955392,0.349333505843749
"989150",0.098652724733398,0.100219470400377
"991065",0.256307297315028,0.282075973791785
"995071",0.16210296808749,0.164677393918524
"996092",0.372981903334042,0.368380237137892
"997056",0.308831878137234,0.280121935605339
"997663",0.096875052558094,0.0984135662610246
"997755",0.322916841860313,0.344447481913586
"531290",0.111575924786084,0.104541674697863
"605302",0.0590281336100955,0.0322622612330551
"606288",0,0
"609595",0.389833273641789,0.390621453325639
"611664",0.172852679413678,0.202444082544729
"611671",0.110431526074847,0.0754464550354321
"612247",0.135250445200115,0.0985628361272764
"614909",0.0590281336100955,0.0806556530826379
"615288",0.281546253185737,0.284088329691374
"615426",0.296318878994877,0.323910532071566
"618245",0.247959149533544,0.2587274448341
"618770",0.472225068880764,0.419409396029717
"622414",0.147570334025239,0.145180175548748
"625528",0.246205056200535,0.279481542320042
"625933",0.187826371004179,0.182502909554441
"626268",0.194916636820894,0.224903261005671
"626631",0.360667853866973,0.418892053540925
"628136",0.16564728911227,0.150892910070864
"628357",0.172852679413678,0.161955266035783
"631685",0.117720402337003,0.102945524864291
"631936",0.312347523777212,0.298752719843424
"632145",0.390434404721515,0.367039055807635
"632513",0,0
"632874",0.0637576713063338,0.0696944497985756
"632899",0,0
"640253",0.312347523777212,0.3556579998136
"944089",0,0.0128681906080364
"952594",0.454532411447142,0.486504907001554
"954855",0.234260642832909,0.256073759865792
"955480",0,0
"958268",0.0976086011803788,0.10669739994408
"960633",0.220863052149693,0.21125007409921
"974869",0.0626087903347262,0.0456257273886103
"981375",0.235440804674006,0.244495621552691
"988768",0.078086880944303,0.113810559940352
"989945",0.258984885141406,0.334572955808946
"991428",0.37569568111143,0.394251344509105
"996489",0.172852679413678,0.148458993866135
"996557",0.195217202360758,0.181385579904936
"997308",0.312347523777212,0.330761939826648
"999483",0.118056267220191,0.145180175548748
"605579",0.253685702481563,0.223353705651046
"605604",0.273635227307747,0.27116307227332
"605975",0.275785434279216,0.265935941786156
"605993",0.314658387763776,0.291547594742265
"611500",0.239341387684114,0.224661276315324
"615816",0.240012000900075,0.245276227562898
"621796",0.17605227572572,0.19990406906475
"625218",0.203111115925597,0.199263349246521
"633400",0.136599993643919,0.148902470434031
"636040",0.165008250618802,0.179869233546125
"640660",0.370771411319208,0.340348503849214
"643006",0.344690993772856,0.360078967373961
"647136",0.472337072683294,0.435664918909737
"651559",0.255971205427786,0.260422866131514
"652988",0.22979399584857,0.25048971643406
"652999",0.319675401138956,0.307470023134045
"655774",0.211079263419088,0.191741247211843
"664240",0.315966744291784,0.37573457465109
"669884",0.497518595104995,0.47453537647831
"670455",0,0
"672705",0.265934875204571,0.246402690152291
"691870",0.122830057429015,0.117155837225801
"943495",0.088998831897997,0.0970142500145332
"950940",0.190928377577919,0.17343648377358
"972053",0.28924620366849,0.2910427500436
"981376",0.101095879621265,0.0895381360028311
"988571",0.211079263419088,0.230089496654211
"997846",0.19348932480083,0.210915371933027
"997926",0.063642792525973,0.11562432251572
"997931",0.351798772365146,0.354721307341909
"998171",0.203111115925597,0.199263349246521
"605601",0.0640512615220348,0.0627110249025567
"614208",0.0960768922830523,0.075253229883068
"615699",0.139262124764558,0.190887400391392
"632705",0.333333333333333,0.417738906660244
"632900",0.0730296743340221,0.100102197267345
"634491",0.252050415125042,0.285163842268488
"640643",0,0
"649270",0.246885359939347,0.241719422651915
"652686",0.243708718337977,0.245426657646076
"666508",0,0
"667703",0.282842712474619,0.276924387810856
"670379",0.292118697336089,0.300306591802036
"672893",0.288675134594813,0.271329378987681
"673455",0,0
"680069",0.192450089729875,0.226107815823067
"681534",0,0
"683105",0.244948974278318,0.245152967099914
"684836",0.361478445646025,0.343802863568579
"695534",0.23094010767585,0.316550942152294
"696965",0.133333333333333,0.143597749164459
"700994",0.4,0.339412861661448
"703246",0.204124145231931,0.223835317786878
"704458",0.154303349962092,0.16920359585634
"705969",0.0696310623822791,0.0272696286273417
"707754",0.2,0.195815112496989
"710576",0.377123616632825,0.461540646351426
"715207",0.0365148371670111,0.0715015694766752
"717342",0.0666666666666667,0.0522173633325305
"720002",0.0942809041582063,0.110769755124342
"721166",0.188561808316413,0.166154632686513
"727962",0.208893187146837,0.272696286273417
"950897",0.0730296743340221,0.0572012555813402
"960699",0.226455406828919,0.195110920240528
"999091",0.366666666666667,0.326358520828316
"644272",0.344318178739056,0.37634038916924
"672717",0.173702083444913,0.161039156600208
"683187",0.222871247080105,0.223529465291242
"722936",0.168822556533929,0.170427823883094
"723569",0.310727733132933,0.273671820909947
"728005",0,0
"730735",0.0443896761618475,0.0576151201915677
"735149",0.188329446172303,0.18333018983851
"739464",0.0859602382591879,0.0743808003305602
"739681",0.0701862406343596,0.0683231278011415
"762884",0.272960416842006,0.257662650560332
"763436",0.223331250143459,0.241558734900312
"768265",0.112548371022619,0.133907575908145
"809372",0.272362619859278,0.287227070098577
"813891",0.0313882410287172,0.0611100632795033
"826286",0.0389323214521904,0.0505318031973528
"915692",0.153896752812773,0.190002850064127
"926632",0.151744244666721,0.144523545428017
"927013",0.157472444733047,0.133314818671947
"928103",0,0
"928391",0.238455241619133,0.224814403999137
"928517",0.128247294010644,0.152002280051301
"928851",0.317925392228937,0.289856975017895
"929196",0.315446634072022,0.33988743092967
"929230",0.292448825932801,0.283293989677887
"929255",0.23084512921916,0.247003705083365
"929467",0.0769483764063866,0.0760011400256506
"929531",0.269013793424485,0.289856975017895
"931220",0.108147614087175,0.120168353625222
"931482",0.315446634072022,0.297401502063461
"932212",0,0
"932213",0.0662266178532522,0.0735877874030307
"932369",0.135302018298348,0.137812586144016
"932811",0.202776776413453,0.225315663047291
"932831",0.270369035217938,0.280392825125518
"932935",0.0811107105653813,0.120168353625222
"933012",0.179546211614902,0.190002850064127
"933020",0.430154501007303,0.446102253095192
"933055",0.145095250022002,0.161222764470138
"933063",0.172061800402921,0.155781739176099
"933065",0.459854504613724,0.476903368728606
"933066",0.172061800402921,0.191186679897939
"934034",0.515122196369932,0.52034423485197
"934459",0.086710996952412,0.0963490302853446
"934472",0.0628280862437543,0.0620546709775531
"934714",0,0
"935058",0.326464312549505,0.335880759312787
"935217",0,0
"935378",0.165566544633131,0.171704837273738
"935655",0,0
"935656",0.0540738070435875,0.040056117875074
"935658",0.0405553552826906,0.060084176812611
"935659",0.405553552826906,0.440617296625814
"935725",0,0
"935834",0,0
"936477",0.122627867896993,0.13625810535103
"936564",0.132453235706504,0.171704837273738
"936565",0.145095250022002,0.188093225215161
"936569",0.171190595815581,0.199276670324803
"936694",0,0.0245292624676769
"937003",0.234146452895424,0.242827309597586
"937017",0.172061800402921,0.191186679897939
"937062",0.12227899701113,0.126812426570329
"937212",0.200738767136742,0.169943715464835
"937271",0,0
"937327",0.0234146452895423,0.017344807828399
"937395",0.238455241619133,0.240872575713362
"937424",0.378516649305113,0.340477001938129
"937627",0.0306569669742483,0.0454193684503435
"937722",0,0
"937889",0.0860309002014607,0.0637288932993131
"937971",0.243332131696144,0.225315663047291
"938000",0.163902517026796,0.156103270455591
"938006",0.0899842541331695,0.116650466337953
"938057",0,0
"938093",0.18394180184549,0.227096842251717
"938140",0,0
"938142",0.117073226447712,0.104068846970394
"938445",0.162221421130763,0.20028058937537
"938506",0.305887645160749,0.311563478352197
"938517",0.108388746190515,0.128465373713793
"938524",0.223054454054799,0.225315663047291
"938546",0.327805034053593,0.34689615656798
"938635",0.399011937560507,0.403056911175344
"938735",0,0
"938870",0,0
"938874",0.114707866935281,0.127457786598626
"938955",0,0.060084176812611
"939007",0.0936585811581694,0.104068846970394
"939093",0,0
"939137",0.157472444733047,0.183307875673927
"939205",0.0936585811581694,0.069379231313596
"939210",0.112480317666462,0.133314818671947
"939212",0.290190500044005,0.295575068195253
"939277",0.275912702768235,0.295225894927233
"939310",0.0811107105653813,0.060084176812611
"939329",0,0
"939346",0.108147614087175,0.100140294687685
"939398",0.0613139339484966,0.0681290526755152
"939417",0.231793162486383,0.220763362209092
"939450",0.188484258731263,0.201677680677048
"939472",0,0
"939524",0.179546211614902,0.266003990089777
"939541",0,0
"939578",0.0573539334676404,0.0849718577324175
"939645",0,0.0735877874030307
"939646",0.200738767136742,0.191186679897939
"939731",0.264906471413009,0.269821887144446
"939859",0.217642875033004,0.241834146705207
"939871",0,0
"939986",0.0489115988044519,0.0905803046930921
"940050",0,0
"941527",0.21629522817435,0.20028058937537
"941641",0,0
"941655",0.247456698866216,0.2499652850099
"941699",0.210731807605881,0.225482501769187
"941969",0.315446634072022,0.318644466496566
"941993",0.234146452895424,0.242827309597586
"942015",0.297405938739731,0.280392825125518
"942051",0,0.0245292624676769
"942056",0,0
"942661",0.0244557994022259,0.0362321218772368
"942745",0.0489115988044519,0.0543481828158553
"942807",0,0
"942853",0.0468292905790847,0.069379231313596
"942926",0,0
"943001",0.108147614087175,0.100140294687685
"943270",0.0405553552826906,0.060084176812611
"943780",0.0449921270665848,0.0333287046679867
"943781",0.0244557994022259,0.0181160609386184
"928149",0.327172253604941,0.295260247910642
"928518",0.199740152255476,0.169424931194585
"930159",0.199592360779631,0.27619067190389
"930277",0.302959902544173,0.382108821372498
"931330",0,0
"932615",0.245268507069103,0.301437347577366
"932860",0.181053171500978,0.260975654390546
"932917",0.151479951272087,0.18559571323807
"932947",0,0
"933004",0.0532246295412349,0.0604167094789759
"933024",0.112906489424247,0.170884259878246
"933029",0.128382636941049,0.11450260366267
"933095",0.261198660641776,0.259120483003484
"933103",0.271086244655324,0.31818386688722
"933155",0.0376354964747491,0.0244120371254637
"934458",0,0
"935085",0.261521247723635,0.247926871671018
"935323",0.085349283549115,0.110722592966491
"935837",0.338021796124651,0.348816034812382
"935846",0.190422223570312,0.162115043246215
"936559",0.266123147706175,0.310714505891876
"936562",0.309436113301756,0.355109142348853
"936566",0.248381604525763,0.241666837915904
"937407",0.103332993576884,0.134052642413082
"938088",0.0940887411868727,0.183090278440978
"938348",0.250517007354927,0.318222001918179
"938534",0.402340381113284,0.365365916146764
"938583",0.0711244029575958,0.0738150619776606
"938611",0.169359734136371,0.244120371254637
"939067",0.263448475323244,0.19529629700371
"939069",0.188177482373745,0.256326389817369
"939219",0.188177482373745,0.231914352691905
"939318",0.0709661727216466,0.0575397233133104
"939319",0.033662211393797,0.0873391591708566
"939322",0.249645641210972,0.316501763915976
"939448",0.0481434888528933,0.0416373104227889
"939539",0.0307292541931501,0.0199323448464218
"939799",0.233623184330764,0.276334483770914
"940048",0.112906489424247,0.19529629700371
"941631",0.201170190556642,0.208780523512436
"941651",0.336622113937971,0.316604451994355
"941825",0.225812978848494,0.256326389817369
"941873",0.151167942802259,0.213936374532321
"941981",0.199740152255476,0.199323448464218
"942010",0.0307292541931501,0.0199323448464218
"942088",0.17069856709823,0.147630123955321
"942654",0.184375525158901,0.159458758771375
"942898",0.291927914834926,0.279052827849906
"943037",0.0532246295412349,0.0460317786506483
"943279",0.112906489424247,0.0976481485018548
"943281",0.353386423221226,0.348816034812382
"943282",0.372572406788645,0.379762173867849
"943283",0.292735462476792,0.258928754909897
"943284",0.0564532447121236,0.0488240742509274
"943339",0.0516354751724428,0.0502395579295611
"943401",0.108644320103908,0.15503725826439
"943402",0.20699523061112,0.19529629700371
"943427",0,0
"943566",0.482808457335941,0.443658612463927
"943663",0.0641913184705244,0.124911931268367
"943666",0.338021796124651,0.32888368996596
"943724",0.172980046009014,0.233035879418907
"943729",0.166619445624023,0.15439527928211
"943855",0.0217288640207816,0.0140942962058536
"943989",0,0
"943992",0.0940887411868727,0.122060185627318
"944054",0,0
"944073",0.241404228667971,0.247926871671018
"944114",0.15364627096575,0.149492586348164
"944198",0.230640061345351,0.264682727241228
"944203",0,0
"944315",0,0
"944401",0.288593345349767,0.356560624220534
"944412",0.489261454171738,0.500446761072006
"944440",0.033662211393797,0.0218347897927142
"944446",0.319791008241072,0.349356636683426
"944521",0.298722492421902,0.369075309888303
"944602",0.283864690886586,0.333730395217201
"944653",0.399184721559262,0.345238339879863
"944716",0.0673244227875941,0.0545869744817854
"944795",0.129088687931107,0.13397215447883
"944855",0.0614585083863002,0.0398646896928436
"944964",0,0
"944975",0.124190802262882,0.115079446626621
"944984",0.357306046623521,0.356560624220534
"945010",0,0
"945044",0.304908762734991,0.270642517748128
"945047",0.0798369443118524,0.0863095849699657
"945095",0.301083971797993,0.34990586546498
"945122",0,0
"945135",0.0168311056968985,0.0109173948963571
"945167",0.280843051262398,0.269290564152897
"945168",0.267135026442853,0.256146419334344
"945395",0.0434577280415632,0.112754369646829
"945399",0.439103193715188,0.483333675831808
"945572",0.199740152255476,0.169424931194585
"945596",0.0402340381113284,0.0260975654390545
"945850",0,0
"945855",0.0714083338388669,0.0771976396410549
"945861",0.292735462476792,0.258928754909897
"945885",0.176526125793942,0.166549241691156
"945947",0.1229170167726,0.169424931194585
"945951",0.225812978848494,0.170884259878246
"946123",0.317474753600971,0.269290564152897
"946161",0,0
"946166",0.214225001516601,0.200713863066743
"946169",0.0768231354828753,0.0797293793856873
"946172",0.261521247723635,0.300122002549127
"946368",0,0
"946371",0,0
"946372",0,0
"946406",0,0
"946415",0.301978725544095,0.316416165060072
"946469",0,0
"946499",0.309436113301756,0.347389378384747
"946570",0.150541985898996,0.219708334129173
"946578",0.0952111117851558,0.0771976396410549
"946847",0.285633335355467,0.247032446851376
"947081",0.19363303189666,0.209331491373171
"949392",0.316078425859269,0.338732593009508
"949926",0,0
"950179",0.266123147706175,0.230158893253242
"950572",0.0961977817832557,0.0891401560551336
"950574",0.0921877625794503,0.0896955518088982
"950900",0,0
"950901",0.338021796124651,0.298985172696327
"950903",0.0532246295412349,0.0517857509819794
"950904",0.430209558704101,0.398646896928436
"950924",0,0
"950925",0.282475232270161,0.324168812734633
"950926",0.213267813356911,0.179021605586734
"950927",0.284497611830383,0.249125834174605
"950953",0.348436991012417,0.354084756138652
"951184",0.0320956592352622,0.0208186552113945
"951591",0.387115431028666,0.360274031579783
"951686",0.107552389676025,0.0797293793856873
"951884",0.235635479756579,0.229265292823499
"952156",0.0434577280415632,0.0281885924117072
"952259",0.320956592352622,0.291461172959523
"952380",0.276563287738351,0.305629287645135
"952524",0.0402340381113284,0.0521951308781091
"952602",0,0
"952846",0.0434577280415632,0.0281885924117072
"953371",0.1925016543182,0.227027333820929
"953669",0,0
"954021",0.10644925908247,0.126587391289283
"954090",0.0641913184705244,0.0416373104227889
"954406",0.0501806619663321,0.0406867285424395
"954408",0,0
"954469",0.41399046122224,0.366180556881955
"954979",0.100585095278321,0.130487827195273
"928377",0.393863180721688,0.389812958715714
"929267",0.230293907441153,0.24691953106269
"930281",0.458913161228416,0.434674140986469
"932146",0.201293694959039,0.182621749776421
"933025",0.256776295506548,0.267470066980288
"935990",0.285306995007275,0.241585866949938
"936120",0.44035242296399,0.411611685038255
"938147",0.186816179439268,0.199080161391051
"939187",0.305776214737336,0.301746931026972
"939613",0.0796586865665405,0.0688281616552908
"940049",0.0113798123666486,0.00688281616552908
"942166",0.147937560766432,0.117007874813994
"942778",0.146176336551172,0.194505023773318
"942780",0.201742510889601,0.207432791493232
"942810",0.299572344757639,0.293354267010639
"942901",0.243627227585286,0.241657756809273
"942963",0.242091013067521,0.256240507138698
"943440",0.0251617118698799,0.0380461978700877
"943712",0.13209898731687,0.159794031054368
"943783",0.285306995007275,0.293354267010639
"944011",0.0835467353046005,0.0721875849473545
"944032",0.146784140987997,0.161416347073825
"944155",0,0
"944719",0.0653720450460613,0.0527183581966486
"944785",0.098058067569092,0.105436716393297
"944938",0.104679048836888,0.126625400544969
"945019",0.331333029515989,0.318280947992702
"945104",0.0954819832052577,0.07940634344209
"945131",0.330014558632811,0.378554889104099
"945214",0.215716742976478,0.186387542869358
"945617",0.0477409916026289,0.0577500679578836
"945933",0.239036262763859,0.190230989350439
"946343",0.348650906912327,0.325096542212666
"946757",0.0435813633640409,0.0527183581966486
"946769",0.323575114464717,0.344816954308313
"947068",0.125614858604266,0.113962860490472
"947967",0.150970271219279,0.114138593610263
"948811",0.266880256341812,0.209841251195973
"949624",0.0796586865665405,0.0757109778208199
"950928",0.231296222162904,0.25826615531812
"951188",0.228802157661215,0.177924458913689
"951327",0.226455406828919,0.266323385090614
"951328",0.226769710112487,0.180468962368386
"951551",0.1008712554448,0.109817360202299
"951943",0.283069258536149,0.228277187220526
"952482",0.150970271219279,0.132400768587905
"952592",0.327102254308439,0.334806541256772
"952638",0.311714600079679,0.345644497651891
"953206",0.490653381462658,0.547865249329263
"953911",0.0477409916026289,0.07940634344209
"953918",0.204836622599676,0.185836036469285
"954118",0.443812682299297,0.481797131587035
"954261",0.308166775680683,0.288900691447505
"954341",0.138675049056307,0.102513148578147
"954379",0.17069718549973,0.192718852634814
"954400",0.418112401602172,0.392779777879642
"954474",0,0.0102088661667509
"954477",0.118152926159761,0.142924126334512
"954492",0.294397122297474,0.303748194906207
"954725",0,0
"954756",0.186816179439268,0.225982885903355
"954758",0.147937560766432,0.144539139476111
"954810",0.280224269158902,0.290549424732885
"954828",0,0
"954875",0,0
"955032",0.0943564195120496,0.0798970155271842
"955081",0.0418716195347552,0.0506501602179877
"955082",0.138539822257635,0.10997779470742
"955160",0.299572344757639,0.301982333687422
"955430",0.0682788741998919,0.0481797131587035
"955442",0.303569241626975,0.297569691280678
"955497",0.261735684432919,0.282195462786692
"955507",0,0
"955525",0.0716114874039433,0.0577500679578836
"955675",0.0865873889110219,0.0837926054913675
"955867",0.140112134579451,0.149310121043288
"956855",0.136082763487954,0.120294130517721
"956905",0.277350098112615,0.288900691447505
"957933",0.26169762209222,0.265913341144436
"957941",0,0
"957943",0.307254933899513,0.309726727448809
"957954",0.0570613990014551,0.0776526000910515
"957955",0.332875142967841,0.274543400505748
"957980",0,0
"957987",0,0
"957996",0.26169762209222,0.253250801089939
"958021",0.0568990618332432,0.0481797131587035
"958042",0.438853725736255,0.459398977503789
"958051",0.0533760512683624,0.0538054490246084
"958078",0.0675159578055778,0.0408354646670035
"958286",0.302097762205754,0.306492764733713
"958341",0.0457695863650908,0.0276826751420332
"958356",0.200160192256359,0.209841251195973
"958780",0.34236839400873,0.396891067132041
"958904",0.0596762395032861,0.0360937924736773
"958971",0.256776295506548,0.267470066980288
"958997",0.370441588594348,0.388797891700283
"959038",0.107858371488239,0.130471280008551
"959073",0.125917910573303,0.114237801446125
"959191",0.34236839400873,0.258842000303505
"959210",0.0188712839024099,0.0228277187220526
"959224",0,0
"959285",0.271041645256912,0.276098133657072
"959302",0.294174202707276,0.303130559630729
"959313",0.253184841770917,0.275639386502273
"959342",0.251103427841963,0.209481513728419
"959417",0.215716742976478,0.22366505144323
"959425",0,0.0131795895491622
"959646",0,0
"959650",0,0
"959713",0.0675159578055778,0.0816709293340069
"959814",0.0660494936584347,0.0513623671246184
"959864",0.337579789027889,0.35731031583628
"959884",0.239697498502225,0.237232611884919
"959887",0.113798123666486,0.089476610151878
"959894",0.245326690731329,0.273932624664632
"959918",0,0
"960081",0.405095746833467,0.418563512836785
"960087",0,0
"960094",0,0
"960095",0,0
"960137",0.320700799576494,0.352205882752905
"960162",0.0943564195120496,0.0856039452076974
"960205",0.200308404192444,0.22366505144323
"960276",0.236305852319522,0.275639386502273
"960318",0.0796586865665405,0.089476610151878
"960321",0.0217906816820204,0.0395387686474864
"960375",0,0
"960410",0.213980246255456,0.17256133353567
"960483",0.329032077861883,0.314222270592628
"960486",0.163551127154219,0.197840228924456
"960506",0.337755566071317,0.375618302151121
"960508",0,0
"960511",0.231296222162904,0.231363430805816
"960528",0.0266880256341812,0.0484249041221476
"960544",0.169841555121689,0.182621749776421
"960626",0,0
"960627",0.2013861800064,0.193778725994232
"960687",0.0877058019307029,0.0884113744424171
"960787",0.266880256341812,0.274407790025503
"960797",0.119352479006572,0.0938438604315609
"960798",0.358057437019716,0.404250475705185
"960849",0.271041645256911,0.310610400364206
"960919",0.0871627267280818,0.0658979477458107
"961060",0.167093470609201,0.187687720863122
"961241",0.0209358097673776,0.0316563501362423
"961246",0.320387104555636,0.315582496619178
"961270",0.262575453814459,0.288750339789418
"961302",0.136557748399784,0.117007874813994
"961398",0.0653720450460613,0.0527183581966486
"961767",0.185220794297174,0.158155074589946
"971073",0,0
"971367",0,0
"971423",0,0
"971809",0.308166775680683,0.354136331451781
"971949",0.261735684432919,0.275312646621163
"972004",0.0266880256341812,0.0403540867684563
"972039",0.386913620466054,0.344140808276454
"973001",0.171184197004365,0.138049066828536
"973241",0.213980246255456,0.250213933626721
"973311",0.159317373133081,0.172070404138227
"974784",0.0566138517072298,0.0570692968051316
"974847",0.164770510914327,0.160559515823792
"976128",0.305069543548286,0.336079533503635
"978134",0.239697498502225,0.237232611884919
"978335",0.0154083387840341,0.0186387542869358
"978337",0,0
"978836",0.173472166622178,0.19369961648859
"978900",0.21483446221183,0.245437788821005
"980239",0.174325453456164,0.191104048462851
"980381",0.167093470609201,0.144375169894709
"980486",0.154083387840341,0.111832525721615
"603731",0.337469848750864,0.330226629735855
"605150",0.0820223393655983,0.0810449113247588
"605238",0.0757689915396657,0.0831845357685313
"605243",0,0
"605257",0,0
"605266",0.240598862139088,0.240133070591878
"605345",0.0593535979860844,0.0597323471181889
"605501",0,0
"605598",0,0
"605791",0.198409793749135,0.197406848615404
"609164",0.227522125613324,0.238929388472756
"610420",0.047355619712291,0.0571893683408652
"610675",0.170129086964317,0.182534701797865
"610767",0.194838308019694,0.204606904320718
"611715",0.269752507867004,0.25059125671811
"611875",0.205055848413996,0.211617268459092
"612079",0.0937593435123865,0.0808779803312021
"612198",0.0463988418993591,0.0509399167807994
"612410",0.198933393449776,0.196562782241646
"614524",0.412122174928148,0.404323054824964
"615370",0.120547727373068,0.132345785996513
"615371",0.164044678731197,0.198109783238299
"930010",0.308124644511659,0.330226629735855
"935091",0.117380816956822,0.120814620635069
"942659",0,0
"943726",0.202851769514939,0.222704960618244
"945064",0.164044678731197,0.153084832502322
"945065",0.220089031794042,0.209412009100786
"945380",0.331489337986037,0.311942009131992
"946604",0,0
"950933",0.0927976837987182,0.120982302354399
"952641",0.162395946647757,0.148574757277332
"953921",0.31655252259245,0.320382589088468
"954365",0.324791893295514,0.299272011087197
"954374",0.290502700779851,0.290458047559627
"954432",0.0622505787385395,0.0398667908415174
"954470",0.196853614477436,0.225124753679885
"954476",0.415090308389782,0.413863965557817
"954479",0.179951354906706,0.155971004565996
"954487",0.0338849231338598,0.0372012553310397
"955367",0.047355619712291,0.0311942009131992
"956437",0.174872215099086,0.2111857385173
"957906",0.348248990188864,0.316159377658336
"957916",0.207789926392849,0.222123090297487
"958076",0.0347991314245193,0.0636748959759993
"958249",0.120299431069544,0.120066535295939
"958257",0.318484654186648,0.329674606909266
"958322",0.196853614477436,0.21611976353269
"958804",0.372018363279628,0.353970900965552
"958899",0.114126061020656,0.125295628359055
"959883",0.322797246631261,0.322172321693517
"959895",0,0
"960210",0.0636969308373296,0.0649359074215222
"960343",0.0820223393655983,0.0540299408831725
"960419",0,0
"960512",0.492498445007827,0.504306248096721
"960530",0.267883838606819,0.272044115659498
"960551",0.115997104748398,0.108247323159199
"960577",0,0
"960584",0.0933758681078092,0.0854288375175373
"960632",0.0695982628490387,0.0700423855735992
"960636",0.106629041175278,0.121567366987138
"960923",0.151537983079331,0.176767138508129
"961109",0.371190735194873,0.369314396660796
"961233",0.098426807238718,0.0720399211775634
"961301",0.284344109800741,0.282156357945456
"961563",0.331489337986037,0.322340076103059
"961608",0.164044678731197,0.153084832502322
"961764",0.359591024720033,0.350211927867996
"968937",0.198893602791622,0.181966171993662
"970803",0.0964541260470134,0.105894133406538
"970808",0,0
"971428",0.0937593435123865,0.110288154997094
"971480",0,0
"971665",0.123124611251957,0.124776803652797
"971802",0.0656178714924787,0.0720399211775634
"971936",0.118294300126469,0.119881675239733
"972632",0.109363119154131,0.150083169119924
"972659",0.170480230964248,0.161170038051529
"972792",0.229662550223675,0.222123090297487
"973238",0.294672222467501,0.3529220959907
"974378",0.381205385255922,0.390613180975917
"974805",0.108814929641155,0.130325120985139
"974809",0.262471485969915,0.261144714268667
"974897",0.262471485969915,0.261144714268667
"975211",0,0
"975437",0.124501157477079,0.130990884193557
"975515",0.229662550223675,0.198109783238299
"976492",0.151537983079331,0.150771971080463
"976861",0.147640210858077,0.139577347281529
"977453",0.24482110113872,0.222704960618244
"977476",0,0
"979875",0.429696129851517,0.43243812093162
"979996",0.189422478849164,0.176767138508129
"980388",0.0890303969791267,0.0923136273644738
"980494",0.0820223393655983,0.108059881766345
"980769",0.259377411410581,0.279067535890622
"981293",0.217835850676539,0.228757473363461
"981348",0.0868042847652466,0.10210699066314
"981369",0.147640210858077,0.135074852207931
"981373",0,0
"981947",0.254288150487581,0.269548703216642
"982129",0.26709119093738,0.260650241970279
"982137",0.304964308204738,0.306910356481078
"982250",0.158276261296225,0.206348108226471
"984778",0.271079385070878,0.279009414982798
"984806",0.0568267436547492,0.0727864687974649
"984915",0.270080930904553,0.274893066364992
"984933",0.127393861674659,0.109891535636422
"984984",0.278875953843034,0.283657189636656
"986085",0,0
"986132",0,0
"986265",0,0
"986294",0.198409793749135,0.217828246748032
"986296",0,0
"987731",0.0726256751949627,0.0854288375175373
"987822",0.286126191712715,0.318374479879996
"988437",0.216527928863676,0.25045459083893
"988438",0.15118937902183,0.131041854827764
"988753",0.0437452476616524,0.0420232873535786
"988805",0.0765541834078918,0.0780432479423603
"988978",0.227701262815796,0.235281397327133
"988982",0.0947112394245821,0.124776803652797
"989149",0.0927976837987182,0.101879833561599
"989515",0.296493077421273,0.316210670313838
"989521",0.227522125613324,0.217208534975232
"990005",0.359617751170307,0.367585166387304
"990007",0.398147846822852,0.385963024059537
"990630",0.271079385070878,0.260408787317278
"990836",0.0677698462677195,0.0558018829965596
"990874",0.271825264314311,0.293615551718128
"991005",0.0803651515820456,0.0514678056653105
"991067",0.100530824115278,0.114614812756799
"991148",0.109363119154131,0.120066535295939
"991203",0.201676809007392,0.226228375913968
"991323",0.262608154287413,0.265058944233658
"991402",0.0546815595770656,0.0540299408831725
"991475",0.154662806331197,0.148574757277332
"991477",0.189422478849164,0.176767138508129
"991483",0.0535767677213637,0.0588203493317834
"991497",0.0496024484372838,0.054457061687008
"991730",0.186751736215618,0.187943442538582
"991788",0.098426807238718,0.121567366987138
"994882",0.336291591398953,0.346692120667024
"995172",0.0656178714924787,0.0660365944127664
"995480",0.135539692535439,0.130204393658639
"995867",0.339025669377806,0.378209586182208
"995879",0,0
"995912",0.0440178063588084,0.0322172321693517
"995982",0,0
"996390",0.359902709813412,0.363932343987324
"996443",0.31655252259245,0.331243015837229
"996570",0.205416429674439,0.201357701058448
"996587",0.132595735194415,0.135174870623863
"997173",0.229662550223675,0.228126417062284
"997204",0.173995657122597,0.140084771147198
"997384",0.13640673320253,0.122528388795768
"997552",0.427679392764928,0.419585863339066
"997575",0.255720346446372,0.249553607305594
"997593",0.0586904084784112,0.0644344643387034
"997631",0,0
"997662",0.394585061101419,0.409136424525261
"997664",0.15118937902183,0.139777978482948
"997721",0.0218726238308262,0.0420232873535786
"997726",0,0
"997741",0.174124495094432,0.17646104799535
"997756",0,0
"997757",0.153108366815784,0.156086495884721
"997760",0,0
"997761",0.115997104748398,0.108247323159199
"997762",0,0
"997764",0.131235742984957,0.126069862060736
"997877",0.234761633913645,0.2335749332278
"997879",0,0
"997884",0.127596815223238,0.146452260744798
"998127",0.16100910702179,0.187165205479195
"998584",0.291185969542078,0.289714048496022
"999436",0.289992761870994,0.292904521489597
"604077",0.284440061994287,0.296555154426812
"604137",0.17391507288487,0.172688189510409
"605192",0.0905082735047771,0.0798842516918181
"605254",0.325613007323715,0.333745518774881
"605506",0.412438089891716,0.437771894630056
"605724",0,0
"605745",0.0658350816437154,0.0719077130774869
"605800",0.0246332319541073,0.0856080991189455
"605821",0.104509952143743,0.121068134822993
"606303",0.235147392323421,0.255107855519878
"606327",0.400350920964074,0.420638660894581
"609526",0.309182351795325,0.32618880240855
"610133",0.209019904287485,0.207545373982274
"610876",0.24285918249939,0.23221460224899
"611212",0.140790647674098,0.0998553146147727
"611666",0.185880834815132,0.176180014507666
"611857",0.258648935518127,0.250709433134055
"612072",0.287833105184462,0.294733918239103
"612230",0.26259113493848,0.27116823400459
"614177",0,0
"614508",0.0142220030997144,0.00706083701016219
"614978",0.344865247357503,0.342432396475782
"618775",0.295598783449288,0.379121581812473
"619503",0.0837943788064341,0.0832032516055215
"619910",0.0921691143012016,0.0653706482522608
"619946",0.104509952143743,0.121068134822993
"620242",0.220576553348323,0.22945004415773
"620506",0.181016547009554,0.159768503383636
"620509",0.154228427233731,0.153140423243602
"620822",0,0
"620823",0.0464488676194412,0.0576514927728538
"621185",0.0603388490031847,0.0599131887688636
"621206",0.0870916267864522,0.0864772391592807
"621209",0.0995540216980005,0.0917908811321085
"621319",0.287402368395292,0.281051027267662
"621666",0.199569262553245,0.161657985656583
"621801",0.14321211100275,0.125793919092958
"623313",0.147799391724644,0.122297284455636
"623315",0.109055966748707,0.092817112927996
"624516",0,0
"624548",0.100564748338641,0.0998553146147727
"625202",0,0
"625850",0.420644443173585,0.394472729943983
"625894",0.301917639526368,0.322848359527981
"625926",0.189065617155705,0.198161401772585
"625928",0.0921691143012016,0.0653706482522608
"626535",0.0615830798852683,0.0672635064506
"626633",0.160903597341826,0.179739566306591
"627044",0.213330046495715,0.247129295355677
"627150",0.332548631380449,0.330202668030218
"627224",0.0928977352388824,0.103772686991137
"627416",0.374554751853347,0.377381757278875
"627553",0.13219579477177,0.142201821583344
"628015",0.17096007217569,0.169754034845114
"629734",0.0435458133932261,0.0345908956637123
"630107",0,0
"630325",0.325142073336088,0.345908956637123
"631928",0.210072907950784,0.18773185431087
"632665",0.12604374477047,0.10429547461715
"632676",0.115540099372931,0.135584117002295
"632689",0,0
"632713",0.218111933497415,0.255247060551989
"632801",0.124635390569951,0.108286631749329
"632841",0.0934765429274634,0.0773475941066633
"632882",0.0778971191062195,0.0773475941066633
"632888",0,0
"632906",0.0658350816437154,0.0653706482522608
"632923",0.127998027897429,0.134155903193082
"632976",0.13219579477177,0.142201821583344
"634005",0.232244338097206,0.213310523259559
"634060",0.328506248782532,0.364563955633085
"634344",0.0615830798852683,0.0489189137822546
"635231",0,0
"635632",0.241774052695144,0.282433480406488
"635803",0.0301694245015924,0.0499276573073863
"636218",0.288219340693012,0.31712513583732
"636542",0.295598783449288,0.287398618470746
"637240",0.36949847931161,0.342432396475782
"637269",0.147051035565549,0.140798890733153
"637289",0.17096007217569,0.179739566306591
"637876",0.264850204961146,0.31712513583732
"637912",0.231886763846493,0.196672660275743
"638431",0.278821252222699,0.293633357512776
"639758",0.13219579477177,0.114855317432701
"640103",0.231770197889062,0.226167327847022
"640651",0.262754474177145,0.256824297356836
"640837",0,0
"640857",0.278693205716647,0.276727165309698
"641694",0.418039808574971,0.423738471880475
"641824",0.201129496677282,0.204703394960284
"642666",0.179163373944305,0.170164707034659
"643664",0.298662065094002,0.317737665457299
"646483",0.198293692157654,0.207833431544888
"648815",0.400350920964074,0.346680215023006
"935607",0,0
"942657",0.157554680963088,0.151228438194868
"944794",0.295706804203286,0.333299219985084
"952598",0.420644443173585,0.417677008175982
"954843",0.258648935518127,0.244594568911273
"954959",0.296111531073938,0.328613508805267
"960373",0.121928277501033,0.108096548949101
"960408",0.080451798670913,0.119826377537727
"960491",0.205276932950894,0.183445926683455
"961032",0.0522549760718713,0.0691817913274245
"971438",0.0426660092991431,0.0423650220609731
"975303",0.0844912885523329,0.10067429400438
"978615",0.362033094019108,0.374457429805398
"978622",0.291551063544144,0.261250969376001
"980074",0.221699087586966,0.2017905193518
"980782",0.223451676817158,0.231120143348671
"988573",0.102415351874531,0.0832032516055215
"988785",0.165474090894259,0.181602202234489
"990607",0.0395010489862292,0.0522965186018087
"991064",0.280196506314513,0.297407437490148
"991141",0.238121242223038,0.248671145059794
"991468",0.241583844143401,0.203376175503443
"991521",0.223839277588632,0.235334333708139
"991817",0.421344522519779,0.418372148814469
"995051",0,0
"995070",0.152911337129245,0.142901293691686
"995375",0.311588476424878,0.309390376426653
"995377",0,0
"995751",0.104509952143743,0.0807120898819953
"996823",0.0465524326702412,0.0508464315367076
"996959",0.210672261259889,0.202649009582009
"997291",0.26259113493848,0.245094365350303
"997372",0.127734385953463,0.161424179763991
"997471",0.110163162309808,0.0984474149423153
"997564",0.193238969872078,0.187078871969609
"997605",0.249270781139902,0.247512301141323
"997619",0.0526680653149723,0.0392223889513565
"997769",0.140790647674098,0.119826377537727
"997847",0.38320315786039,0.438151345073689
"997849",0.243856555002066,0.207545373982274
"998016",0.222224815352889,0.196672660275743
"998090",0.160903597341826,0.184732332037329
"998304",0.368786166017592,0.406375553935733
"999446",0.127998027897429,0.155338414223568
"605273",0.137158533299637,0.113562466252199
"605304",0.227921152919276,0.31751330759335
"606286",0.169725025739105,0.189280433512967
"609557",0.0939060283031685,0.106629813346711
"610121",0.227921152919276,0.269586770598128
"610678",0.0939060283031685,0.106629813346711
"611419",0.237565548366599,0.182646249854374
"614204",0.379868588198793,0.323504124717753
"619744",0.213896315973249,0.163846384103808
"620881",0.162968621693904,0.192760451886833
"621309",0.106242543051946,0.100531552125487
"622607",0.139986841855269,0.119215755535681
"623058",0,0
"623294",0.205737799949456,0.227124932504397
"625676",0.288543433719034,0.3578945956504
"625684",0.0796819072889596,0.0942483301176444
"625782",0.159363814577919,0.182213438227446
"630214",0.157134840263677,0.207101380719961
"630384",0.197165391618229,0.239292339602847
"630670",0.153985526040796,0.231808413541601
"632849",0.172644132459412,0.232479214290189
"632877",0.291190232422755,0.35819876618923
"633221",0.151806678014216,0.230860317897613
"633402",0.177272007826104,0.215669416478502
"634488",0.242464322484436,0.206487745650509
"637316",0.210162774997094,0.265154169726868
"638784",0.251976315339485,0.337777974017762
"639766",0.225374467927604,0.275460351145671
"640403",0.0342896333249093,0.081116047322999
"640838",0,0
"641159",0.237565548366599,0.280994230545191
"641697",0,0
"641698",0.163326314502037,0.210745672908894
"643242",0.254638471396725,0.216855508372687
"643391",0.0242464322484436,0.040150394987599
"644714",0.206094674111771,0.309731618475764
"644809",0.287058370942974,0.299727179248204
"645833",0.293972367896066,0.390762754255842
"647140",0.111989473484215,0.185446730833281
"649286",0.202030508910442,0.223032256159958
"650668",0.278570298012448,0.299540856220142
"652997",0.222882616611911,0.194678513575198
"655785",0.265606357629865,0.314161100392148
"655925",0.113150017159403,0.164425427092072
"657326",0.0939060283031685,0.159944720020067
"657485",0.0890870806374748,0.0702485576362978
"658209",0.0634920634920635,0.120158187241174
"660048",0.291461883261729,0.308240979827396
"660641",0,0
"660672",0.0886360039130518,0.131797976736862
"661391",0.0634920634920635,0.120158187241174
"661938",0.151947435279517,0.12580715961246
"662021",0.333333333333333,0.307905354805509
"662135",0.177272007826104,0.203687782229696
"662411",0,0
"662532",0.0132803178814933,0.0314161100392148
"662533",0.169725025739105,0.275316994200679
"663926",0.3672063019255,0.419357198708198
"664115",0.0484928644968872,0.103243872825255
"664492",0.0815332650783714,0.110215004981302
"664523",0,0
"664713",0.20259658037269,0.233641867851711
"664909",0,0
"666403",0,0
"666511",0.103934927410387,0.217770528672523
"666532",0,0
"667277",0.0839921051131616,0.158954340714241
"667657",0.0673435029701474,0.116826419893311
"668545",0.108433341438726,0.0974743564456587
"668999",0.363696483726654,0.355617784175877
"669288",0.163326314502037,0.224795384436153
"670460",0.193971457987549,0.217959287075538
"670856",0.280597929042281,0.329238092426604
"672375",0.131468439624436,0.186602173356745
"672907",0,0
"673012",0,0
"673025",0.15024964528507,0.124401448904497
"673439",0.103934927410387,0.140497115272596
"674096",0.178483223365468,0.208627572187441
"674874",0.307971052081593,0.278170096249921
"675535",0.1187827741833,0.140497115272596
"676128",0.207869854820775,0.238845095963413
"676835",0,0
"683181",0.278886675511359,0.314161100392148
"685538",0.106242543051946,0.157080550196074
"687862",0.307971052081593,0.311285583898721
"687863",0.285714285714286,0.247826261184922
"687864",0,0
"689646",0.193525238261511,0.212036497075516
"694897",0.293972367896066,0.364270364136802
"695441",0.405961841380281,0.423878241904642
"936978",0.25717224993682,0.243348141968997
"945061",0.1979712903055,0.252894807490672
"958970",0.28347335475692,0.317908681428481
"960456",0.252413395139512,0.238845095963413
"961239",0.0751248226425348,0.0799723600100336
"977455",0.290957186981323,0.332674701325821
"981368",0.258150094718898,0.260204298853284
"990996",0.0939060283031685,0.071086542231141
"995285",0.296956935458249,0.252894807490672
"997652",0.0593913870916499,0.126447403745336
"997885",0.174603174603175,0.142687847348894
"998091",0.0634920634920635,0.120158187241174
"998537",0.101298290186345,0.173733696607682
"999533",0.121232161242218,0.114715414250283
"605052",0.184087934775289,0.209498224168039
"611501",0.246932399162397,0.232040020318357
"620290",0.138039407593558,0.122084060925242
"628029",0.16564728911227,0.213647106619173
"630363",0.174607573942395,0.144773886947448
"632699",0.341630104131326,0.323724252581363
"632881",0.388246434777767,0.361167454120506
"633261",0.146087177447694,0.126894453813697
"645907",0.0698430295769578,0.115819109557958
"649257",0.277672566011257,0.29706974791061
"659949",0.350368733823839,0.32976158854481
"660168",0,0
"660785",0.173259232729684,0.191541233525064
"660954",0.0159394178265835,0.0176213163597378
"666150",0.33129457822454,0.343361421352242
"667067",0.117130321416455,0.120857054297042
"667501",0.180333926933486,0.18690228437106
"668737",0,0
"671623",0.200124683972905,0.182198864714045
"671773",0.271625639078637,0.238864726798308
"672473",0.398439901868145,0.350754630711366
"672622",0.0737851670126194,0.0734137599163324
"672703",0.117130321416455,0.151071317871303
"672902",0.331869244013288,0.334515061000741
"672904",0.187826371004179,0.155734102407719
"673089",0.280383634647954,0.220241279748997
"673399",0,0
"676466",0.0806477838545512,0.0668681940805899
"676739",0.279372118307831,0.231638219115916
"676845",0.372706400502607,0.35099167516007
"677163",0.208231682518141,0.201428423828403
"677382",0.174849916285174,0.157691912028437
"677790",0.283064943423099,0.26437480627478
"678923",0.117130321416455,0.100714211914202
"679653",0.141133621745465,0.144881087174612
"679656",0.323478750062752,0.259556837346199
"680070",0.124235466834202,0.106823553309587
"682508",0.0901669634667432,0.12460152291404
"682514",0.0690197037967791,0.0534117766547933
"682522",0.16918824204599,0.194234551548818
"682608",0.120971675781827,0.111446990134317
"684759",0.147570334025239,0.163141688702961
"685555",0.103299233817667,0.0978850132217766
"686147",0.202875667800172,0.224282741245272
"688499",0.273304083305061,0.205025359968196
"693049",0.247959149533544,0.323963959576504
"695400",0.211896724206605,0.22124147858134
"701792",0.518460039933774,0.398724873324928
"702770",0.321012118911117,0.341235323997583
"703378",0.160506059455558,0.136494129599033
"703414",0.280383634647954,0.318126292970774
"703417",0.293042631266915,0.336424111867908
"703505",0.546608166610121,0.410050719936393
"703981",0.112708704333429,0.161981979788252
"704788",0.0911013611016869,0.122295828752959
"705817",0.0796970891329173,0.114538556338295
"706030",0.129944424547263,0.197526897072722
"706592",0.122225301759676,0.106167517094795
"706838",0.292825803541136,0.226606976806954
"707100",0.307991310673062,0.317483915739343
"708530",0.0493864798324795,0.0477729453596616
"710741",0.315584372133601,0.236742893536676
"710754",0.146521315633458,0.15575190364255
"710758",0.111575924786084,0.176213163597378
"711382",0.10434798389121,0.10382273493848
"714549",0,0
"715085",0.340497205397444,0.335731167544415
"715250",0.364405444406747,0.323724252581363
"715767",0,0
"717907",0,0
"718134",0.253782363068985,0.291351827323226
"718283",0.0956365069595007,0.123349214518164
"718846",0,0
"719823",0,0
"721821",0.129492442570703,0.169184660091613
"722615",0.270717551140131,0.263369196096963
"722909",0.170449654292678,0.214606748100591
"723581",0.546608166610121,0.410050719936393
"723585",0.351390964249364,0.280561018903848
"730861",0.0225417408666858,0.018690228437106
"735127",0.157146816548155,0.125470702021121
"736159",0.0676252226000574,0.0623007614570201
"739447",0.283972259036757,0.382183562877293
"937326",0.341389166777308,0.286312501693499
"958900",0.324861061368157,0.299283177382913
"971420",0.262274874427761,0.297579898505277
"976757",0.234585779204278,0.266163552718115
"990608",0.175695482124682,0.140280509451924
"648086",0.21677749238103,0.212932032296303
"650533",0.0176998081351197,0.0289763793899872
"666759",0.0613139339484966,0.0878299823149867
"675735",0.174502515224133,0.158710166267238
"676176",0.390199486285854,0.319398048444454
"681609",0.221070532751717,0.243596542122908
"684232",0.247797313891676,0.246299224814891
"710975",0.237933012698161,0.200846482486842
"718285",0.283196930161915,0.284934397334874
"718642",0.316623793430652,0.336924401100744
"718644",0.130066495428618,0.159699024222227
"718936",0.0204379779828322,0.0334590408818997
"719941",0.102032553577715,0.132238122866721
"720090",0.367883603690979,0.359684689480422
"722588",0,0
"722789",0,0
"723365",0,0
"724307",0.193320572817256,0.14607016908134
"728613",0.450563556889583,0.501990161841905
"729319",0.141598465080958,0.15937008664493
"730635",0,0
"730637",0.520988072251728,0.527457663610799
"730869",0.0959714869937393,0.168337552216213
"731136",0.463489774659321,0.521661061115758
"732892",0.368521737047751,0.319398048444454
"734622",0.0231744887329661,0.0284542396972232
"737343",0.143065845879825,0.125471403307124
"739683",0.155113346865896,0.134903641327152
"739735",0.0613139339484966,0.0752828419842743
"755754",0.0884990406755986,0.0724409484749681
"766676",0.203355313327797,0.196721467889387
"769544",0.352555120203855,0.357593499425303
"771435",0.486664263392288,0.54063055424724
"783734",0.141598465080958,0.173858276339923
"789217",0.164522549132125,0.291785090508102
"789656",0,0
"809364",0,0
"814526",0.205805465729924,0.187900146767722
"814805",0.383885947974957,0.359120111394587
"889956",0.551825405536469,0.451697051905646
"927950",NA,NA
"930279",NA,NA
"932336",NA,NA
"934605",NA,NA
"937288",NA,NA
"937723",NA,NA
"927246",0.28347335475692,0.285714285714286
"928334",0.277350098112615,0.26207120918048
"932035",0.0668153104781061,0.0505076272276105
"932979",0,0
"935661",0.237170824512628,0.298807152333598
"938642",0.129099444873581,0.0975900072948533
"939162",0.0883883476483184,0.133630620956212
"939442",0.150755672288882,0.113960576459638
"939444",0.258198889747161,0.243975018237133
"939932",0.111803398874989,0.0845154254728517
"942210",0.28347335475692,0.285714285714286
"943325",0,0
"944700",0.0790569415042095,0.0597614304667197
"945075",0.360843918243516,0.327326835353989
"928447",0.533001790889026,0.589767824619589
"930253",0.190692517849118,0.164845118348947
"938603",0.167248402001418,0.173494479589872
"943228",0.263180677983908,0.25025866535631
"946789",0.0953462589245592,0.0989070710093681
"946860",0.106600358177805,0.147441956154897
"950918",0.263180677983908,0.273009453115974
"951210",0.100503781525921,0.0695048046856916
"954342",0.120873444603807,0.139319553143838
"954343",0.113066754216661,0.156385810542806
"954345",0.272474630456533,0.296110046131991
"958279",0.318181818181818,0.345782037404062
"958463",0,0.0659380473395787
"960801",0.304635897922471,0.331061095985865
"603732",0.12267912301643,0.140642169281549
"604987",0.107279780977823,0.163984012338158
"605365",0.196589274873196,0.281718084909506
"928790",0.180578779628654,0.276026223736942
"935684",0.167183463772606,0.191662969499982
"939441",0.147441956154897,0.14790199457749
"943250",0.0788110406239101,0.0903507902905251
"943655",0.0659380473395787,0.113389341902768
"944059",0.14303970797043,0.225478016964967
"944907",0.228416096288064,0.305505046330389
"945401",0.0851256530758749,0.07319250547114
"949770",0.128697890417557,0.202870556229912
"958853",0,0
"959034",0.180578779628654,0.276026223736942
"959318",0,0
"959557",0,0
"960091",0.131876094679157,0.188982236504614
"960101",0.222911285030141,0.255550625999976
"960338",0.135302018298348,0.232670020298844
"960449",0.204465205027383,0.210963253922323
"971431",0.139009609371383,0.179284291400159
"971481",0,0
"977060",0,0
"991034",0.0932504808240314,0.10690449676497
"605452",0.181488502160157,0.190099382608703
"605803",0.139009609371383,0.182006302077316
"606312",0.227507877596645,0.208514414057075
"610924",0.0875935743710676,0.114686909984903
"615804",0.240771706171538,0.275838642183685
"617221",0.321028941562051,0.446595896868824
"618630",0.0982946374365981,0.128697890417557
"624508",0,0.0840128515887437
"629692",0.127688479613812,0.111455642515071
"630113",0.215352760823266,0.281962950740097
"631680",0.240771706171538,0.31524416249564
"946568",0.038069349381344,0.174455675197729
"950873",0.227507877596645,0.208514414057075
"960454",0,0
"960829",0.240771706171538,0.31524416249564
"974870",0.208514414057075,0.136504726557987
"976762",0.486533632799841,0.500517330712619
"981422",0.120385853085769,0.131351734373183
"988967",0,0
"991348",0.17025130615175,0.195047374401373
"991492",0.344031231028093,0.386093671252672
"991771",0.17025130615175,0.167183463772606
"995177",0,0.0950496913043515
"997430",0.19034674690672,0.37383358970942
"604158",0.162221421130763,0.155699788832305
"609388",0.293469592826711,0.281671516087812
"619315",0,0.208893187146837
"622500",0.173421993904824,0.20806259464412
"626515",0.324442842261525,0.259499648053841
"628661",0,0
"632872",0.564288093646835,0.738548945875996
"639685",0.145095250022002,0.139262124764558
"651555",0,0.0882734829504749
"960564",0.251312344975017,0.321612100882948
"988055",0.270369035217938,0.363299507275377
"991144",0.209426954145848,0.261309831967395
"995452",0.0468292905790847,0.112366643743874
"997903",0.362738125055006,0.417786374293675
"616012",0.351219679343135,0.38418803524911
"620591",0.224817757811154,0.189543849143936
"657979",0.100125234864352,0.0714285714285714
"665780",0,0
"667143",0,0
"674413",0.181724340169702,0.210666210154453
"678051",0.270369035217938,0.231455024943138
"680021",0.103904866693226,0.111187397499165
"681786",0.285738383406372,0.407687124163606
"684236",0.152943822580375,0.136386181397495
"693067",0.463586324972765,0.409461512426663
"718652",0.0993399267798783,0.14173667737846
"998014",0.310630372098698,0.322329185610152
"644717",0,0
"651582",0.308606699924184,0.232534075197961
"672891",0.058925565098879,0.0197334259490965
"681989",0.0721687836487032,0.0725052366784248
"682468",0.218217890235992,0.146156819048374
"693331",0,0
"706032",0.127688479613812,0.14253751903121
"707565",0.136082763487954,0.273434370809865
"709407",0.408248290463863,0.444330852566031
"710243",0.0912870929175277,0.0917126760773614
"714747",0.0645497224367903,0.129701310350135
"717507",0.117851130197758,0.0986671297454823
"730866",0.123091490979333,0.123665347194986
"732890",0.25,0.474423736358055
"760435",0.0545544725589981,0.10961761428628
"763235",0.105409255338946,0.088250563702276
"778830",0.11322770341446,0.189592623928693
"784751",0.129099444873581,0.151318195408491
"933016",NA,NA
"935579",NA,NA
"936476",NA,NA
"937320",NA,NA
"938056",NA,NA
"938218",NA,NA
"939074",NA,NA
"939134",NA,NA
"939278",NA,NA
"939528",NA,NA
"939538",NA,NA
"941861",NA,NA
"941992",NA,NA
"941998",NA,NA
"942729",NA,NA
"943086",NA,NA
"943280",NA,NA
"943428",NA,NA
"943856",NA,NA
"937398",0.258198889747161,0.327326835353989
"941974",0,0
"941995",0.172132593164774,0.218217890235992
"942016",0.155699788832305,0.131590338991954
"942135",0,0.125988157669742
"943660",0.29277002188456,0.247435829652697
"943662",0,0
"943707",0,0
"944900",0.233549683248457,0.263180677983908
"945273",0.182574185835055,0.154303349962092
"945458",0.0816496580927726,0.0690065559342354
"945622",0,0
"945804",0.129099444873581,0.109108945117996
"945832",0,0
"945858",0,0
"946021",0,0
"946119",0,0
"946375",0,0
"946431",0,0.0657951694959769
"946472",0.086066296582387,0.0727392967453308
"946762",0.210818510677892,0.267261241912424
"950884",0,0
"950961",0,0
"952258",0.258198889747161,0.436435780471985
"952625",0,0
"953017",0.182574185835055,0.308606699924184
"953031",0.105409255338946,0.17817416127495
"953908",0.0975900072948533,0.0824786098842322
"953912",0,0
"954042",0,0
"954047",0.0912870929175277,0.154303349962092
"954262",0.0816496580927726,0.0690065559342354
"954294",0.0975900072948533,0.0824786098842322
"954304",0.105409255338946,0.0890870806374748
"954407",0,0
"954724",0.129099444873581,0.109108945117996
"954755",0,0
"954818",0,0
"955068",0.258198889747161,0.290957186981323
"955106",0,0
"955261",0.177704663327728,0.200250469728704
"955661",0.105409255338946,0.267261241912424
"930069",0.0725476250110012,0.209369569036085
"942613",0.0837707816583391,0.0906596827823249
"944469",0.449921270665848,0.421997857554777
"948787",0.086710996952412,0.0625611247089854
"950801",0.229415733870562,0.220694903627298
"951202",0.397359707119513,0.382254786053997
"951732",0.280975743474508,0.270294951359794
"952299",0.0811107105653813,0.0585205735980653
"954334",0.244557994022259,0.247024635634205
"954473",0.359092423229804,0.333104944588922
"954814",0.270369035217938,0.234082294392261
"954862",0.564288093646835,0.518163247138324
"955111",0.102597835208515,0.111034981529641
"955236",0.314944889466093,0.292152362922538
"955441",0.187317162316339,0.202721213519846
"955479",0.21629522817435,0.195068578660218
"956128",0.198679853559757,0.191127393026999
"957669",0.463586324972765,0.430036634310747
"957674",0.0353996162702394,0.0255404722119398
"958118",0,0
"958333",0.280975743474508,0.270294951359794
"958334",0,0
"958943",0.145095250022002,0.157027176777064
"959289",0,0
"959413",0,0
"959661",0.0691714463866075,0.049906512850595
"959697",0.122627867896993,0.132712186561143
"959926",0,0
"960170",0.122627867896993,0.132712186561143
"960354",0,0
"960531",0.331133089266261,0.334472937797248
"960593",0,0
"961230",0,0
"961434",0.290190500044005,0.261711961295107
"971686",0.307793505625546,0.296093284079042
"973240",0.245255735793986,0.221186977601904
"974362",0.179968508266339,0.162306868290299
"974793",0.429197537639476,0.398136559683428
"975512",0.108147614087175,0.117041147196131
"977451",0.0662266178532522,0.0477818482567497
"978341",0.0613139339484966,0.0442373955203809
"979859",0.334945317404154,0.322212968124633
"980482",0,0
"981298",0.245255735793986,0.221186977601904
"981383",0.205195670417031,0.222069963059282
"604138",0.200320770053751,0.233079290659652
"605497",0.280449078075251,0.310772387546202
"610762",0.176666313334393,0.20555661294826
"945656",0.191760831630178,0.268569819946483
"959349",0.0353332626668787,0.0913584946436709
"959706",0,0
"959832",0.26499947000159,0.308334919422389
"971669",0.191583193026391,0.194606460559234
"971975",0.142213638941993,0.122570282607179
"972801",0.26499947000159,0.308334919422389
"974804",0.412242428947724,0.411826345644783
"977135",0.224859506698758,0.193800633244604
"978284",0.200320770053751,0.233079290659652
"978737",0.412242428947724,0.411826345644783
"979375",0.305995030681052,0.356034497458156
"980488",0.0353332626668787,0.0685188709827532
"981421",0,0
"984907",0.351561524655326,0.351206687622324
"986263",0.351561524655326,0.371865904541284
"987422",0.435760990050094,0.411683820516568
"988754",0.26499947000159,0.308334919422389
"988778",0.299812675598345,0.242250791555755
"989573",0.146995258009464,0.209040871485954
"990143",0.164214165451192,0.229989453388186
"991432",0.412242428947724,0.411826345644783
"991517",0.167600380788498,0.195008125507848
"995602",0.0432742322407916,0.0839181358296689
"997197",0.663663648395968,0.64349398368769
"997544",0.214196521476737,0.21757663733554
"997545",0.382187670824606,0.361070596203011
"997634",0.0353332626668787,0.0228396236609177
"998531",0.211999576001272,0.182716989287342
"605744",0.14213381090374,0.22979399584857
"605959",0,0
"606350",0.201007563051842,0.324977785480955
"611171",0.372193684159388,0.394893142583416
"614182",0.174077655955698,0.281439017892117
"617354",0.0657951694959769,0.0265934875204571
"618629",0,0
"620580",0,0
"622441",0.0965609099170535,0.156114278450193
"623147",0,0.0265934875204571
"624642",0.426401432711221,0.402139492734998
"627045",0.157459164324443,0.296999698454541
"629443",0,0
"630993",0.301511344577764,0.264044450703276
"632666",0.131590338991954,0.212747900163657
"632843",0.337963184709687,0.351257126512934
"640407",0,0
"640907",0.0524863881081478,0.127285585051946
"961521",0.0844400661841498,0.0853237351425953
"991127",0,0.0531869750409142
"991326",0.265908011739155,0.307075143572537
"997845",0.0657951694959769,0.106373950081828
"611772",0.38490017945975,0.334887343311569
"619843",0.210818510677892,0.152854460128936
"620816",0,0
"633254",0,0
"640915",0,0.0268124460085859
"674104",0.192450089729875,0.251165507483676
"687477",0,0
"690817",0,0
"708705",0.223606797749979,0.5
"716879",0,0
"723514",0,0
"730056",0,0
"737237",0,0
"928392",0.246182981958665,0.272727272727273
"928393",0.123091490979333,0.181818181818182
"931589",0,0
"932101",0.246182981958665,0.181818181818182
"932731",0.11322770341446,0.0836242010007091
"932810",0.235702260395516,0.261116483933547
"932887",0.369274472937998,0.272727272727273
"933035",0,0
"934329",0.288675134594813,0.426401432711221
"935830",0,0.150755672288882
"937016",0,0
"937632",0,0
"938450",0.353553390593274,0.261116483933547
"938502",0.433012701892219,0.319801074533416
"938636",0.462910049886276,0.341881729378914
"938743",0.258198889747161,0.190692517849118
"938972",0,0.100503781525921
"939739",0,0
"941689",0,0
"941954",0.5,0.492365963917331
"942032",0.308606699924184,0.227921152919276
"942038",0,0
"942347",0,0
"943309",0,0
"943413",0.258198889747161,0.190692517849118
"943627",0,0
"944160",0,0
"933706",0.228747855498907,0.23094010767585
"938148",0.0762492851663023,0.0577350269189626
"939160",0.144672846651124,0.182574185835055
"939509",0.0880450906325624,0.0666666666666667
"939534",0.20333142711014,0.192450089729875
"942008",0,0
"942026",0.35218036253025,0.333333333333333
"942063",0.269581933008596,0.285773803324704
"942072",0.0762492851663023,0.0577350269189626
"942716",0.337569975519288,0.292118697336089
"942736",0,0
"942792",0.403473292392964,0.392792202424786
"943020",0.440225453162812,0.4
"943354",0.0407569572969611,0.0308606699924184
"944359",0.220112726581406,0.2
"944519",0.229900244935851,0.208893187146837
"944937",0.304997140665209,0.288675134594813
"945297",0.0762492851663023,0.0577350269189626
"945382",0.321860342910192,0.348155311911396
"945385",0.152498570332605,0.115470053837925
"945406",0.139942285708264,0.132453235706504
"945662",0.126886480331344,0.0960768922830523
"945664",0.183920195948681,0.208893187146837
"945865",0.062257280636469,0.0471404520791032
"946588",0.10166571355507,0.0769800358919501
"948965",0.431331092813754,0.381031737766272
"954984",0,0
"955192",0.136398867894095,0.103279555898864
"932153",0,0.0230571487955358
"944952",0,0.123091490979333
"948030",0.21650635094611,0.203090598614981
"950870",0.267261241912424,0.295468420142639
"952474",0,0
"952495",0.0833333333333333,0.134005042034562
"954510",0.335410196624968,0.314626602482846
"955086",0.288675134594813,0.377168254570679
"955135",0,0.0303030303030303
"955477",0.208012573584461,0.111498934667612
"955677",0,0.0870388279778489
"955761",0.0883883476483184,0.21320071635561
"957702",0.530330085889911,0.497468338163091
"957703",0.433012701892219,0.406181197229962
"958377",0,0.080582296402538
"958818",0.150755672288882,0.272727272727273
"958864",0,0.0303030303030303
"959411",0,0.116051770637132
"960122",0,0.0335012605086404
"960499",0.301511344577764,0.242424242424242
"960538",0,0
"961030",0.353553390593274,0.426401432711221
"961244",0.0559016994374947,0.134839972492648
"961700",0,0.0379868588198793
"968929",0.376889180722205,0.303030303030303
"970793",0,0
"972982",0.111803398874989,0.179786629990198
"978017",0.111803398874989,0.224733287487747
"981382",0.102062072615966,0.246182981958665
"941103",0.408248290463863,0.447213595499958
"944703",0,0
"958272",0.105409255338946,0.173205080756888
"959808",0.17817416127495,0.195180014589707
"959867",0.130744090092123,0.107417231105915
"959893",0.074535599249993,0.0408248290463863
"960191",0,0
"960422",0.0571661950475029,0.062622429108515
"960507",0,0
"960619",0,0
"971450",0.0785674201318386,0.086066296582387
"975296",0,0
"979301",0.0785674201318386,0.086066296582387
"984916",0.204124145231932,0.186338998124982
"984988",0.0890870806374748,0.0975900072948533
"989950",0,0
"991782",0.149071198499986,0.122474487139159
"991786",0,0
"995429",0,0
"997577",0,0
"997604",0.0555555555555556,0.0304290309725092
"997709",0.117851130197758,0.0645497224367903
"997715",0.0710669054518701,0.116774841624228
"604155",0,0
"604291",0.120385853085769,0.300658411201132
"604347",0.07881104062391,0.196827132522049
"605586",0,0
"605593",0.0659380473395787,0.164677393918524
"605961",0.07881104062391,0.196827132522049
"609593",0,0
"611852",0.208514414057075,0.260377821961648
"614995",0,0
"620598",0.147441956154897,0.184114923579665
"621031",0,0.0695889000639221
"622055",0,0
"625403",0.377216768077159,0.431787769588373
"628146",0.180578779628654,0.150329205600566
"628160",0.139009609371383,0.130188910980824
"630985",0.0628694613461931,0.078506867197886
"631384",0,0
"638789",0.208514414057075,0.260377821961648
"646484",0,0
"971360",0,0.0920574617898323
"990993",0.221162934232346,0.276172385369497
"997559",0.202288694969669,0.157877244487668
"997653",0,0
"998009",0.115662986393248,0.144431628934824
"620887",0.129099444873581,0.165144564768954
"631651",0,0
"632913",0,0
"639950",0,0
"641560",0.105409255338946,0.134839972492648
"651288",0,0
"652367",0,0
"660637",0,0
"662534",0.316227766016838,0.202259958738973
"663509",0,0.0317820863081864
"664236",0.258198889747161,0.220192753025272
"664645",0,0.0603022689155527
"669064",0,0.0301511344577764
"671114",0.387298334620742,0.27524094128159
"672726",0,0
"673024",0,0
"676832",0.169030850945703,0.144149994031289
"997924",0.129099444873581,0.220192753025272
"660141",0.201007563051842,0.309492230295086
"679614",0,0.099258333397093
"702725",0.201007563051842,0.123796892118035
"704471",0.123091490979333,0.151619608715781
"706231",0.181818181818182,0.167967753286756
"710073",0.174077655955698,0.160816880225669
"716478",0.226133508433323,0.232119172721315
"720633",0.174077655955698,0.107211253483779
"722791",0.146254484825426,0.180150939644418
"982128",0.190692517849118,0.117444043902941
"698630",0.106600358177805,0.1875
"734964",0.174077655955698,0.204124145231932
"739660",0.286038776773678,0.279508497187474
"786046",0.348155311911396,0.408248290463863
"799987",0.0836242010007091,0.049029033784546
"824823",0.100503781525921,0.176776695296637
"872798",0.369274472937998,0.433012701892219
"887306",0.0603022689155527,0.106066017177982
"932946",NA,NA
"934592",NA,NA
"935185",NA,NA
"935186",NA,NA
"935575",NA,NA
"935589",NA,NA
"935598",NA,NA
"935675",NA,NA
"936561",NA,NA
"936563",NA,NA
"937813",NA,NA
"937821",NA,NA
"938961",NA,NA
"939390",NA,NA
"939414",NA,NA
"939457",NA,NA
"939473",NA,NA
"939662",NA,NA
"941690",NA,NA
"941991",NA,NA
"942012",NA,NA
"942967",NA,NA
"943298",NA,NA
"944564",NA,NA
"933014",NA,NA
"935577",NA,NA
"938257",NA,NA
"942009",NA,NA
"942971",NA,NA
"943805",NA,NA
"944164",NA,NA
"944280",NA,NA
"944296",NA,NA
"945046",NA,NA
"945407",NA,NA
"945456",NA,NA
"945457",NA,NA
"945550",NA,NA
"945788",NA,NA
"945916",NA,NA
"946012",NA,NA
"946102",NA,NA
"946302",NA,NA
"946303",NA,NA
"946573",NA,NA
"947638",NA,NA
"949381",NA,NA
"950764",NA,NA
"950905",NA,NA
"950906",NA,NA
"950956",NA,NA
"951203",NA,NA
"951587",NA,NA
"952157",NA,NA
"952362",NA,NA
"953420",NA,NA
"953864",NA,NA
"954046",NA,NA
"954821",NA,NA
"954856",NA,NA
"954963",NA,NA
"943340",0,0
"948798",0,0
"950907",0,0.204124145231931
"950930",0,0.150755672288882
"950958",0,0.102062072615966
"953865",0.408248290463863,0.306186217847897
"954055",0,0
"954265",0,0.0790569415042095
"954367",0,0
"954511",0,0.0753778361444409
"954939",0,0
"954998",0,0
"955050",0,0
"955083",0,0
"955742",0,0.223606797749979
"957421",0,0
"958106",0,0
"958376",0.18490006540841,0.138675049056307
"958442",0,0
"959016",0,0
"959059",0.125988157669742,0.0944911182523068
"959070",0,0
"959332",0,0
"959718",0,0.0833333333333333
"959890",0.117851130197758,0.0883883476483184
"960104",0,0.0790569415042095
"960215",0,0.144337567297406
"960250",0,0
"960395",0,0
"960452",0,0
"960488",0,0
"960536",0,0
"960592",0,0
"960594",0,0.21650635094611
"960656",0,0
"961145",0,0
"961519",0,0
"961724",0,0.125
"968930",0,0
"971402",0.100503781525921,0.0753778361444409
"971426",0,0
"971714",0.192450089729875,0.21650635094611
"971738",0,0
"971952",0.353553390593274,0.265165042944955
"974358",0,0
"974794",0.222222222222222,0.166666666666667
"975173",0,0
"975367",0,0.150755672288882
"976336",0.125988157669742,0.188982236504614
"979377",0,0.0753778361444409
"980480",0,0
"980850",0,0
"981933",0,0
"605247",0,0
"605248",0,0
"605742",0.131306432859723,0.114707866935281
"959422",0.0656532164298613,0.0573539334676404
"960833",0,0.0489115988044519
"974888",0.107211253483779,0.0936585811581694
"989145",0,0
"990140",0,0.145095250022002
"990142",0,0
"990991",0,0
"991202",0,0
"991320",0,0
"991334",0.0758098043578903,0.0662266178532522
"991335",0,0
"994625",0,0
"995448",0.262612865719445,0.229415733870562
"995601",0.111978502191171,0.0978231976089037
"995721",0.191785320594154,0.167541563316678
"996119",0,0.0936585811581694
"996170",0,0
"996879",0,0
"997630",0,0
"997651",0,0
"997657",0,0
"997717",0,0.0725476250110012
"997759",0,0
"997878",0,0
"997880",0,0.0613139339484966
"997883",0,0
"604515",0,0
"608655",0,0
"618628",0,0
"620507",0,0
"620508",0,0.207019667802706
"621202",0.353553390593274,0.0645497224367903
"621458",0,0
"622365",0,0.0577350269189626
"627042",0,0
"632679",0,0
"632840",0,0
"632885",0,0
"632890",0,0
"632907",0,0
"632928",0,0
"632973",0,0.207019667802706
"633271",0.353553390593274,0.0645497224367903
"643861",0,0
"651253",0.353553390593274,0.0645497224367903
"652668",0,0
"974803",0,0
"997643",0,0
"997654",0,0
"997916",0,0.165144564768954
"632697",0,0
"632974",0,0
"640250",0,0
"640655",0,0
"643306",0,0
"647271",0,0
"647927",0,0
"665234",0,0
"671548",0,0
"671549",0,0
"672908",0,0
"672909",0,0.288675134594813
"673026",0,0
"673033",0,0
"676740",0,0
"640249",0,0
"645905",0.288675134594813,0.272165526975909
"682786",0,0
"684080",0.5,0.471404520791032
"697680",0,0
"709763",0,0
"718933",0,0
"975243",0.196116135138184,0.18490006540841
"689860",0,0
"735143",0,0
"928383",NA,NA
"932514",NA,NA
"933033",NA,NA
"934752",NA,NA
"935578",NA,NA
"935985",NA,NA
"936126",NA,NA
"936499",NA,NA
"936696",NA,NA
"938702",NA,NA
"939199",NA,NA
"939562",NA,NA
"939632",NA,NA
"941965",NA,NA
"941990",NA,NA
"942889",NA,NA
"933195",NA,NA
"942050",NA,NA
"942686",NA,NA
"942721",NA,NA
"943658",NA,NA
"944262",NA,NA
"944542",NA,NA
"944916",NA,NA
"944948",NA,NA
"944977",NA,NA
"946126",NA,NA
"946177",NA,NA
"946320",NA,NA
"950917",NA,NA
"952621",NA,NA
"954040",NA,NA
"932983",0,0
"941519",0,0
"943417",0,0
"944341",0,0.180578779628654
"944918",0,0
"944922",0,0
"946815",0,0.182574185835055
"954879",0,0
"954980",0,0
"956904",0,0.160128153805087
"957925",0,0.258198889747161
"958113",0,0
"958278",0,0
"958958",0,0
"959072",0,0
"959082",0,0
"960611",0,0
"961266",0,0
"961359",0,0.258198889747161
"979643",0,0
"981067",0,0
"605673",0,0
"606553",0.223606797749979,0.182574185835055
"945591",0.176776695296637,0.288675134594813
"960426",0,0.192450089729875
"974106",0.188982236504614,0.154303349962092
"974852",0,0
"986214",0,0
"988308",0,0.132453235706504
"989931",0,0
"995670",0,0
"996046",0,0
"996050",0.204124145231932,0.166666666666667
"996586",0.21320071635561,0.174077655955698
"997573",0,0
"997629",0,0
"998058",0,0
"998609",0,0
"999548",0,0
"604704",0.109108945117996,0.0962250448649376
"605154",0,0
"610892",0,0
"621364",0.119522860933439,0.105409255338946
"626625",0.154303349962092,0.136082763487954
"632708",0.104828483672192,0.0924500327042048
"639173",0,0
"639414",0.17817416127495,0.314269680527354
"996871",0.209656967344384,0.277350098112615
"606289",0.301511344577764,0.250872603002127
"624142",0,0.11322770341446
"632821",0,0.11322770341446
"632964",0,0.196116135138184
"651837",0.133630620956212,0.14824986333222
"660035",0,0
"672361",0,0.104828483672192
"984946",0.288675134594813,0.160128153805087
"997850",0,0.0769230769230769
"661202",0.188982236504614,0.150755672288882
"678306",0,0
"723578",NA,NA
"805462",NA,NA
"938681",NA,NA
"939484",NA,NA
"941832",NA,NA
"935585",NA,NA
"935591",NA,NA
"938684",NA,NA
"939565",NA,NA
"942122",NA,NA
"942723",NA,NA
"943006",NA,NA
"943117",NA,NA
"945611",NA,NA
"945612",NA,NA
"945955",NA,NA
"946376",NA,NA
"949115",NA,NA
"949615",NA,NA
"949618",NA,NA
"950966",NA,NA
"952841",NA,NA
"954043",NA,NA
"955027",NA,NA
"946219",0.207019667802706,0.192006144294928
"948789",0.258198889747161,0.2394737360357
"954826",0.344265186329548,0.299342170044625
"955093",0.233549683248457,0.270765180536941
"955103",0.258198889747161,0.179605302026775
"959111",0.0666666666666667,0.0463738895760168
"959321",0,0
"959421",0.086066296582387,0.059868434008925
"960342",0.207019667802706,0.144004608221196
"960369",0,0
"960924",0.547722557505166,0.508000508000762
"961515",0.0666666666666667,0.0463738895760168
"971670",0.172132593164774,0.179605302026775
"973239",0.143222974807887,0.149440644416015
"976357",0.118469775551818,0.123612846514549
"605047",0,0.267261241912424
"933123",0,0
"940007",0,0.17817416127495
"952385",0,0.210818510677892
"954373",0.204124145231932,0.0833333333333333
"958810",0,0
"974820",0,0.0785674201318386
"977601",0,0.144337567297406
"980069",0,0.149071198499986
"980070",0,0.0785674201318386
"980071",0,0
"991337",0,0
"991496",0,0.149071198499986
"994624",0,0.210818510677892
"997381",0,0.261488180184245
"997603",0,0.136082763487954
"622897",0,0
"628141",0,0
"630328",0,0
"632836",0.144337567297406,0.176776695296637
"638951",0,0
"640910",0,0
"647153",0,0
"958041",0,0.125
"988983",0,0
"622370",0.198029508595335,0.161690416690889
"632677",0,0
"640836",0.182574185835055,0.149071198499986
"652585",0.204124145231932,0.166666666666667
"659951",0.136082763487954,0.111111111111111
"659955",0.11322770341446,0.0924500327042048
"669580",0.136082763487954,0.111111111111111
"691380",0.123091490979333,0.100503781525921
"672897",0.166666666666667,0.166666666666667
"673021",0,0
"687023",0,0
"737345",0,0
"620232",0,0.119522860933439
"657807",0,0.119522860933439
"714467",0,0
"760213",0,0.447213595499958
"785539",0.277350098112615,0.248069469178417
"826388",0,0.2
"895981",0,0.216930457818656
"930760",0.387147134796662,0.343621596744546
"932214",0.298752719843424,0.303045763365663
"932685",0,0
"933059",0.295688508381829,0.291605921759902
"934381",0,0
"934868",0.161955266035783,0.159719141249985
"935184",0.0522708373489317,0.0412393049421161
"935371",0,0
"935581",0,0
"935644",0.256073759865792,0.252538136138053
"935845",0.362142984170074,0.357142857142857
"936391",0.229039333725547,0.225876975726313
"936427",0.445376981598404,0.447213595499958
"936447",0.295688508381829,0.291605921759902
"936582",0.362142984170074,0.357142857142857
"937279",0.448129079765136,0.505076272276105
"937756",0.221766381286372,0.291605921759902
"938066",0.316875111148815,0.357142857142857
"938113",0.128036879932896,0.126269068069026
"938344",0.270232002768764,0.274115206742928
"938464",0,0
"938657",0.229039333725547,0.225876975726313
"938798",0.0905357460425185,0.0714285714285714
"938801",0.517454889668201,0.466569474815843
"938830",0.209083349395727,0.206196524710581
"939022",0.512147519731584,0.505076272276105
"939307",0,0
"939471",0.161955266035783,0.159719141249985
"939490",0.209083349395727,0.206196524710581
"939512",0,0
"939542",0.295688508381829,0.291605921759902
"939597",0.229039333725547,0.225876975726313
"939619",0.256073759865792,0.202030508910442
"939852",0,0
"939988",0.145180175548748,0.190900887080303
"941592",0.295688508381829,0.291605921759902
"941593",0.209083349395727,0.206196524710581
"941633",0.400818834019708,0.406578556307363
"941650",0.283421715562621,0.31943828249997
"941762",0.064018439966448,0.0505076272276105
"941823",0,0
"942037",0,0
"942052",0,0
"942640",0,0
"942739",0,0
"943927",0,0
"930083",0.280449078075251,0.251170357502649
"933907",0.453274159736059,0.435937736511423
"939214",0,0
"940560",0.189618185255991,0.189120129435405
"941947",0.159800693025148,0.163934698184203
"942162",0.302919625685541,0.271294993016845
"943048",0,0
"943135",0,0
"943140",0.302919625685541,0.271294993016845
"943565",0,0
"943652",0,0
"943720",0.0374765844497931,0.042717882885838
"943743",0.287332287906648,0.251936328619351
"943748",0.370999258002226,0.332267151331597
"943896",0,0
"944146",0,0
"944243",0,0
"944281",0.795587079770736,0.837096127698187
"944510",0,0
"944714",0,0
"944734",0.469281066207794,0.477600449938044
"944801",0.224859506698758,0.256307297315028
"944951",0,0
"944960",0,0
"945071",0.158999682000954,0.211442732665562
"945118",0.374765844497931,0.4485377703013
"945190",0.400641540107502,0.411006039549789
"945209",0.280449078075251,0.251170357502649
"945390",0,0
"945505",0.474045463139977,0.486308904262469
"945510",0.224859506698758,0.299025180200866
"945632",0.302919625685541,0.394610898933592
"945802",0.0432742322407915,0.049326362366699
"945921",0.335200761576995,0.32476830595787
"945926",0.105999788000636,0.0604122093330177
"946131",0.183597018408631,0.244153037245305
"946237",0,0
"946299",0,0
"946384",0.129822696722375,0.172642268283447
"946395",0.400641540107502,0.433839708413666
"946407",0.112429753349379,0.149512590100433
"946531",0,0
"946532",0.112429753349379,0.128153648657514
"946535",0.474045463139977,0.486308904262469
"946583",0.120192462032251,0.137002013183263
"946760",0.100560228473099,0.133728125982652
"946790",0.0432742322407915,0.0246631811833495
"947077",0.536321218523193,0.515808485933087
"947988",0.112429753349379,0.149512590100433
"948805",0.48719559784731,0.512614594630057
"948807",0.105999788000636,0.0604122093330177
"949620",0.214196521476737,0.191834529264168
"950962",0.159800693025148,0.163934698184203
"951177",0.383521663260356,0.36429932929823
"952255",0.142213638941993,0.189120129435405
"952468",0,0
"952480",0.158999682000954,0.211442732665562
"952615",0,0
"953866",0.198307444884526,0.177604263023172
"953920",0.124921948165977,0.113914354362235
"954025",0,0.0246631811833495
"954049",0.432742322407915,0.443937261300291
"954052",0,0
"954411",0.142213638941993,0.189120129435405
"954744",0,0
"954837",0.400641540107502,0.31967136409428
"954982",0,0
"955045",0.224859506698758,0.299025180200866
"955263",0,0
"941937",0.232119172721315,0.201773308922127
"942522",0,0
"942777",0.428845013935118,0.407728559775151
"944252",0.363930132121305,0.349812414619837
"944908",0.134014066854724,0.14561734277684
"946181",0.191785320594154,0.221414988463293
"946195",0.229786257504514,0.249681731252248
"949120",0.280744962537439,0.324118355089839
"949453",0.459572515009029,0.499363462504495
"950919",0,0
"950923",0.375239387193228,0.407728559775151
"952624",0.223957004382342,0.212929295855553
"952844",0,0
"954120",0.16609095970748,0.180471533917977
"954363",0.262612865719445,0.285350550002569
"954383",0.0350931203171798,0.0381315711870399
"954506",0.437772272230914,0.419713852695442
"954981",0.139271503632789,0.151329981691595
"954991",0,0
"955249",0.0379049021789452,0.0411868042143477
"955340",0.232119172721315,0.252216636152659
"955439",0,0
"956707",0,0
"957942",0.173702083444913,0.188741647945575
"957950",0.28767798089123,0.286537043893673
"958083",0.426745906794098,0.428025825003853
"958254",0.262612865719445,0.261571337502355
"958262",0.134014066854724,0.116493874221472
"958432",0.557086014531156,0.55487659953585
"958446",0.46423834544263,0.403546617844255
"958531",0.0350931203171798,0.0381315711870399
"958702",0.245651842220259,0.26692099830928
"958704",0.20761369963435,0.180471533917977
"958882",0.175465601585899,0.15252628474816
"958912",0.175075243812963,0.166454487501498
"959011",0.319510742131729,0.32402980219303
"959013",0.371390676354104,0.3699177330239
"959188",0,0
"959291",0.265334315252616,0.288307629500434
"959424",0.49827287912244,0.496296718274436
"959888",0,0
"959972",0.45675013919557,0.439899363925068
"960208",0,0
"960221",0,0
"960292",0.33218191941496,0.360943067835953
"960344",0.139973127738964,0.136883118764284
"960358",0.643267520902677,0.640716308218095
"960381",0.437772272230914,0.419713852695442
"960401",0,0
"960558",0.146805054878676,0.127612645444539
"960591",0,0
"960731",0.0984798246447919,0.107006456250963
"960821",0.459572515009029,0.499363462504495
"961213",0.393919298579168,0.392357006253532
"961399",0.116059586360657,0.12610831807633
"961698",0.214422506967559,0.232987748442943
"961775",0,0
"972664",0.265334315252616,0.288307629500434
"974354",0.0536056267418897,0.0582469371107359
"975164",0,0
"975175",0.205527076830146,0.223322129527944
"976277",0.154746115147543,0.151329981691595
"976860",0,0
"991145",0,0
"605819",0,0
"617357",0.157242725508288,0.169733684958301
"939464",0.0620173672946042,0.0730296743340221
"942984",0,0
"944026",0.0438529009653515,0.0903696114115064
"958777",0.263117405792109,0.245288945259803
"960362",0,0
"960521",0.420336403738354,0.424264068711928
"960629",0.314485451016575,0.293176364927975
"971262",0.169841555121689,0.183333333333333
"973379",0.527147622004136,0.584237394672177
"977020",0,0
"981301",0.416602559170839,0.413118223595458
"984805",0,0
"985985",0.460368442189626,0.506759859850359
"986202",0,0
"986258",0.209656967344384,0.277746029931765
"987007",0,0
"987827",0,0
"988394",0,0
"988758",0,0
"988954",0.314485451016575,0.293176364927975
"988956",0.416025147168922,0.38783587594067
"989134",0,0
"990635",0.480384461415261,0.44783429475148
"990875",0,0
"991039",0.024514516892273,0.0144337567297406
"991045",0.220630652030457,0.288675134594813
"991333",0.073543550676819,0.101036297108185
"991339",0.441261304060914,0.433012701892219
"991352",0.0168168198499078,0.0297044262893002
"991753",0.277350098112615,0.353815185068681
"994906",0,0
"995068",0,0.0235702260395516
"995478",0,0
"995950",0.314485451016575,0.293176364927975
"996719",0.0849207775608447,0.1
"996875",0.441261304060914,0.433012701892219
"997301",0.240192230707631,0.259272486435067
"997304",0,0
"997427",0.372104203767625,0.346890953086605
"997428",0,0
"997571",0,0
"997628",0.0800640769025436,0.164991582276861
"997633",0,0
"997708",0,0
"997720",0,0
"997752",0.11322770341446,0.133333333333333
"998050",0,0
"998530",0.240906027914858,0.218217890235992
"999086",0.0866719056601921,0.112268279877562
"999501",0,0
"605252",0.261557187173593,0.28683814147178
"605747",0.1898315991505,0.223049868372735
"609390",0.322193038112796,0.314506785805177
"612081",0.273998312175595,0.231800222785877
"612200",0,0
"616326",0.575396455568751,0.618133927429005
"618273",0.164398987305357,0.154533481857251
"619747",0,0
"624639",0.446113437386949,0.442639180022101
"625123",0.668423922776961,0.628312119414376
"626255",0.147042924418762,0.103664211069763
"626302",0,0
"627222",0,0
"627288",0.290619096859548,0.245861264118669
"627462",0.134231211042805,0.0946320446814768
"627574",0,0.0292040830162285
"630380",0.335578027607012,0.28389613404443
"630498",0.294085848837523,0.345547370232544
"631927",0,0
"632139",0,0
"632402",0.379663198301,0.44609973674547
"632493",0.24854790640048,0.292040830162285
"632833",0,0
"632857",0,0
"632876",0,0
"633248",0,0
"634475",0,0
"637335",0,0
"645626",0.328797974610715,0.405650389875284
"933010",0,0
"955428",0,0
"996445",0.328797974610715,0.386333704643128
"997359",0.34175337130066,0.306642871670399
"997443",0.0581238193719096,0.0409768773531115
"997600",0.233943860209516,0.256555833148241
"997753",0,0.0546358364708153
"606290",0.339683110243379,0.339950051825042
"615810",0.150970271219279,0.129504781647635
"632147",0,0.0434372242763069
"632378",0,0
"632865",0,0
"632920",0,0
"639691",0.375533808099405,0.366067132910889
"640098",0.0377425678048199,0.0971285862357264
"645152",0.508475179873127,0.49565724107384
"647145",0.377425678048199,0.40470244264886
"649290",0.719092495506675,0.700965192615055
"650816",0.512091556499189,0.483208615442374
"652995",0,0
"656451",0.263117405792109,0.238245684723372
"656452",0.240192230707631,0.240380986910206
"661935",0.480384461415261,0.480761973820412
"663204",0.200160192256359,0.206040845923034
"664912",0.3038218101251,0.304060569934149
"668444",0.537086155529575,0.50679347138801
"672341",0,0
"672372",0.18490006540841,0.158610317143629
"672739",0,0
"672903",0,0
"676300",0,0
"679855",0.226455406828919,0.194257172471453
"690620",0.30004959907449,0.318874069608847
"691940",0.502079011046402,0.533578375079933
"697075",0.424334212395753,0.430458032387664
"697675",0,0
"702679",0,0
"704518",0.612372435695795,0.650791373455968
"711378",0.231455024943138,0.245976018507236
"711402",0.077151674981046,0.0409960030845394
"713750",0,0
"717252",0,0
"628132",0.280975743474508,0.277746029931765
"726154",0.260132990857236,0.4
"737969",0.362738125055006,0.382473154987006
"761141",0.382359556450936,0.403162104543176
"800883",0.397359707119513,0.436435780471985
"930092",0,0
"932655",0,0
"932999",0,0.149071198499986
"935183",0.166666666666667,0.258198889747161
"936936",0.218217890235992,0.169030850945703
"937709",0,0
"938058",0.182574185835055,0.282842712474619
"939639",0,0
"942650",0.182574185835055,0.14142135623731
"929259",0.255155181539914,0.269407953040162
"930013",0.21650635094611,0.190500190500286
"932515",0.158113883008419,0.185495558304067
"939208",0.182574185835055,0.200804832225625
"939445",0.272165526975909,0.2394737360357
"941684",0,0
"941958",0.369274472937998,0.379071252751718
"942139",0,0
"942165",0.210818510677892,0.231869447880084
"942201",0.258198889747161,0.227184733698826
"942883",0.158113883008419,0.231869447880084
"943088",0.204124145231931,0.179605302026775
"943657",0.0680413817439772,0.059868434008925
"943782",0.052704627669473,0.0463738895760168
"943966",0.462910049886276,0.475190963311491
"944234",0,0
"944932",0.280975743474508,0.288429975200615
"945393",0.144337567297406,0.127000127000191
"946301",0.255155181539914,0.224506627533469
"946582",0,0
"946839",0,0
"950885",0,0.0635000635000953
"954053",0,0
"935835",0.497946603233852,0.537587202228624
"943385",0.167639626868134,0.195180014589707
"943502",0.221766381286372,0.206559111797729
"944425",0,0
"944747",0,0
"945048",0.145180175548748,0.169030850945703
"950804",0,0
"952612",0.142044164845687,0.173648628424892
"952817",0.115813715472327,0.134839972492648
"953957",0.21125007409921,0.25298221281347
"954130",0.0342192955414577,0.0239045721866879
"954380",0.042678959977632,0.119256958799989
"955854",0.192055319899344,0.313049516849971
"956484",0,0
"958390",0,0
"959020",0.0809776330178916,0.0565685424949238
"959209",0.229039333725547,0.44
"959341",0.0452678730212593,0.0948683298050514
"960313",0.114519666862774,0.1
"960525",0.0572598334313868,0.12
"961649",0.261354186744658,0.182574185835055
"961657",0.242932899053675,0.311126983722081
"971389",0.115813715472327,0.080903983495589
"977137",0.181071492085037,0.221359436211787
"945597",0.232495277487639,0.266666666666667
"952954",0.246598480958036,0.251415744421884
"958985",0.328797974610715,0.259272486435067
"959041",0.32241294010958,0.277350098112615
"959288",0.350499818616391,0.321612100882948
"959363",0.410997468263393,0.424264068711929
"960103",0.140199927446556,0.180906806746658
"960322",0,0.0272165526975909
"960638",0.309993703316851,0.355555555555556
"961038",0.167789013803506,0.134715062810913
"961100",0.128965176043832,0.110940039245046
"971353",0.369897721437054,0.306412938514171
"974789",0.19735935605211,0.210197541698155
"985981",0.18641092980036,0.195991577402445
"990637",0.245349873031474,0.180906806746658
"995075",0,0
"995531",0.164398987305357,0.125707872210942
"997982",0.369135830367713,0.288675134594813
"617322",0.103203137423067,0.124544119626179
"622895",0.43412157106223,0.41697519441473
"623309",0.140642169281549,0.218217890235992
"623998",0.288230676849157,0.248451997499977
"624321",0.186052101883813,0.256600119639834
"629723",0.0310086836473021,0.0641500299099584
"633392",0.124034734589208,0.149683403123236
"637909",0,0.037037037037037
"641863",0.391076944437521,0.404525357608092
"957883",0,0
"978357",0.0331496772065898,0.051434449987364
"995078",0.0468807230938495,0.0727392967453308
"997722",0,0
"624318",0.204124145231932,0.179284291400159
"631002",0,0.0597614304667197
"638434",0,0.0199204768222399
"648265",0.0641500299099584,0.0281718084909506
"653712",0.277777777777778,0.414757531003127
"655783",0.220755392844174,0.290837525373556
"665659",0,0
"666596",0.363696483726654,0.543045080249949
"671587",0.222222222222222,0.14638501094228
"671862",0.0680413817439772,0.119522860933439
"672364",0,0
"684636",0.164121987972444,0.270281238808668
"970813",0.0785674201318386,0.138013111868471
"997501",0,0.0422577127364258
"611752",0.367404716757035,0.328975847479885
"671116",0,0
"672368",0.164121987972444,0.231455024943138
"687861",0,0
"706748",0.227921152919276,0.214285714285714
"708479",0.233549683248457,0.243975018237133
"998291",0.0482804549585268,0.0302613766334401
"696378",0.174077655955698,0.270232002768764
"727630",0.120385853085769,0.133487674984519
"730638",0,0.0710220824228435
"784567",0.144337567297406,0.064018439966448
"814418",0.182574185835055,0.161955266035783
